pull_id,window_label,partition_date,where_clause,expected_count,expected_count_after,landed_count,status,started_at,finished_at
fy2026-20261007T001558Z,fy2026,2025-10-01,created_date >= '2025-10-01T00:00:00' AND created_date < '2025-10-02T00:00:00' AND sr_type IN (fixture types),59,59,59,verified,2026-10-07 00:15:58.320741,2026-10-07 00:16:07.200036
fy2026-20261007T001558Z,fy2026,2025-10-02,created_date >= '2025-10-02T00:00:00' AND created_date < '2025-10-03T00:00:00' AND sr_type IN (fixture types),78,78,78,verified,2026-10-07 00:16:07.211158,2026-10-07 00:16:10.573135
fy2026-20261007T001558Z,fy2026,2025-10-03,created_date >= '2025-10-03T00:00:00' AND created_date < '2025-10-04T00:00:00' AND sr_type IN (fixture types),63,63,63,verified,2026-10-07 00:16:10.584326,2026-10-07 00:16:26.809221
fy2026-20261007T001558Z,fy2026,2025-10-04,created_date >= '2025-10-04T00:00:00' AND created_date < '2025-10-05T00:00:00' AND sr_type IN (fixture types),35,35,35,verified,2026-10-07 00:16:26.809658,2026-10-07 00:16:29.727135
fy2026-20261007T001558Z,fy2026,2025-10-05,created_date >= '2025-10-05T00:00:00' AND created_date < '2025-10-06T00:00:00' AND sr_type IN (fixture types),45,45,45,verified,2026-10-07 00:16:29.729137,2026-10-07 00:16:33.775061
fy2026-20261007T001558Z,fy2026,2025-10-06,created_date >= '2025-10-06T00:00:00' AND created_date < '2025-10-07T00:00:00' AND sr_type IN (fixture types),58,58,58,verified,2026-10-07 00:16:33.775061,2026-10-07 00:16:36.867426
fy2026-20261007T001558Z,fy2026,2025-10-07,created_date >= '2025-10-07T00:00:00' AND created_date < '2025-10-08T00:00:00' AND sr_type IN (fixture types),99,99,99,verified,2026-10-07 00:16:36.867426,2026-10-07 00:16:39.342724
fy2026-20261007T001558Z,fy2026,2025-10-08,created_date >= '2025-10-08T00:00:00' AND created_date < '2025-10-09T00:00:00' AND sr_type IN (fixture types),58,58,58,verified,2026-10-07 00:16:39.342724,2026-10-07 00:16:41.66811
fy2026-20261007T001558Z,fy2026,2025-10-09,created_date >= '2025-10-09T00:00:00' AND created_date < '2025-10-10T00:00:00' AND sr_type IN (fixture types),59,59,59,verified,2026-10-07 00:16:41.66811,2026-10-07 00:16:47.325775
fy2026-20261007T001558Z,fy2026,2025-10-10,created_date >= '2025-10-10T00:00:00' AND created_date < '2025-10-11T00:00:00' AND sr_type IN (fixture types),67,67,67,verified,2026-10-07 00:16:47.325775,2026-10-07 00:16:51.2303
fy2026-20261007T001558Z,fy2026,2025-10-11,created_date >= '2025-10-11T00:00:00' AND created_date < '2025-10-12T00:00:00' AND sr_type IN (fixture types),35,35,35,verified,2026-10-07 00:16:51.231362,2026-10-07 00:16:53.123332
fy2026-20261007T001558Z,fy2026,2025-10-12,created_date >= '2025-10-12T00:00:00' AND created_date < '2025-10-13T00:00:00' AND sr_type IN (fixture types),52,52,52,verified,2026-10-07 00:16:53.124365,2026-10-07 00:16:56.883984
fy2026-20261007T001558Z,fy2026,2025-10-13,created_date >= '2025-10-13T00:00:00' AND created_date < '2025-10-14T00:00:00' AND sr_type IN (fixture types),35,35,35,verified,2026-10-07 00:16:56.885306,2026-10-07 00:17:00.574066
fy2026-20261007T001558Z,fy2026,2025-10-14,created_date >= '2025-10-14T00:00:00' AND created_date < '2025-10-15T00:00:00' AND sr_type IN (fixture types),80,80,80,verified,2026-10-07 00:17:00.576065,2026-10-07 00:17:01.89429
fy2026-20261007T001558Z,fy2026,2025-10-15,created_date >= '2025-10-15T00:00:00' AND created_date < '2025-10-16T00:00:00' AND sr_type IN (fixture types),72,72,72,verified,2026-10-07 00:17:01.895281,2026-10-07 00:17:10.444755
fy2026-20261007T001558Z,fy2026,2025-10-16,created_date >= '2025-10-16T00:00:00' AND created_date < '2025-10-17T00:00:00' AND sr_type IN (fixture types),49,49,49,verified,2026-10-07 00:17:10.460385,2026-10-07 00:17:11.984095
fy2026-20261007T001558Z,fy2026,2025-10-17,created_date >= '2025-10-17T00:00:00' AND created_date < '2025-10-18T00:00:00' AND sr_type IN (fixture types),62,62,62,verified,2026-10-07 00:17:11.985081,2026-10-07 00:17:19.626558
fy2026-20261007T001558Z,fy2026,2025-10-18,created_date >= '2025-10-18T00:00:00' AND created_date < '2025-10-19T00:00:00' AND sr_type IN (fixture types),55,55,55,verified,2026-10-07 00:17:19.627556,2026-10-07 00:17:21.869138
fy2026-20261007T001558Z,fy2026,2025-10-19,created_date >= '2025-10-19T00:00:00' AND created_date < '2025-10-20T00:00:00' AND sr_type IN (fixture types),62,62,62,verified,2026-10-07 00:17:21.870148,2026-10-07 00:17:24.508223
fy2026-20261007T001558Z,fy2026,2025-10-20,created_date >= '2025-10-20T00:00:00' AND created_date < '2025-10-21T00:00:00' AND sr_type IN (fixture types),75,75,75,verified,2026-10-07 00:17:24.508223,2026-10-07 00:17:31.608955
fy2026-20261007T001558Z,fy2026,2025-10-21,created_date >= '2025-10-21T00:00:00' AND created_date < '2025-10-22T00:00:00' AND sr_type IN (fixture types),84,84,84,verified,2026-10-07 00:17:31.608955,2026-10-07 00:17:37.991745
fy2026-20261007T001558Z,fy2026,2025-10-22,created_date >= '2025-10-22T00:00:00' AND created_date < '2025-10-23T00:00:00' AND sr_type IN (fixture types),63,63,63,verified,2026-10-07 00:17:37.993741,2026-10-07 00:17:41.513147
fy2026-20261007T001558Z,fy2026,2025-10-23,created_date >= '2025-10-23T00:00:00' AND created_date < '2025-10-24T00:00:00' AND sr_type IN (fixture types),84,84,84,verified,2026-10-07 00:17:41.513147,2026-10-07 00:17:43.710297
fy2026-20261007T001558Z,fy2026,2025-10-24,created_date >= '2025-10-24T00:00:00' AND created_date < '2025-10-25T00:00:00' AND sr_type IN (fixture types),51,51,51,verified,2026-10-07 00:17:43.710297,2026-10-07 00:17:45.998089
fy2026-20261007T001558Z,fy2026,2025-10-25,created_date >= '2025-10-25T00:00:00' AND created_date < '2025-10-26T00:00:00' AND sr_type IN (fixture types),30,30,30,verified,2026-10-07 00:17:45.999074,2026-10-07 00:17:50.702575
fy2026-20261007T001558Z,fy2026,2025-10-26,created_date >= '2025-10-26T00:00:00' AND created_date < '2025-10-27T00:00:00' AND sr_type IN (fixture types),35,35,35,verified,2026-10-07 00:17:50.704574,2026-10-07 00:17:52.137122
fy2026-20261007T001558Z,fy2026,2025-10-27,created_date >= '2025-10-27T00:00:00' AND created_date < '2025-10-28T00:00:00' AND sr_type IN (fixture types),60,60,60,verified,2026-10-07 00:17:52.152538,2026-10-07 00:17:54.903776
fy2026-20261007T001558Z,fy2026,2025-10-28,created_date >= '2025-10-28T00:00:00' AND created_date < '2025-10-29T00:00:00' AND sr_type IN (fixture types),74,74,74,verified,2026-10-07 00:17:54.903776,2026-10-07 00:18:05.69108
fy2026-20261007T001558Z,fy2026,2025-10-29,created_date >= '2025-10-29T00:00:00' AND created_date < '2025-10-30T00:00:00' AND sr_type IN (fixture types),60,60,60,verified,2026-10-07 00:18:05.700588,2026-10-07 00:18:08.41212
fy2026-20261007T001558Z,fy2026,2025-10-30,created_date >= '2025-10-30T00:00:00' AND created_date < '2025-10-31T00:00:00' AND sr_type IN (fixture types),64,64,64,verified,2026-10-07 00:18:08.413127,2026-10-07 00:18:13.450018
fy2026-20261007T001558Z,fy2026,2025-10-31,created_date >= '2025-10-31T00:00:00' AND created_date < '2025-11-01T00:00:00' AND sr_type IN (fixture types),64,64,64,verified,2026-10-07 00:18:13.450018,2026-10-07 00:18:16.796918
fy2026-20261007T001558Z,fy2026,2025-11-01,created_date >= '2025-11-01T00:00:00' AND created_date < '2025-11-02T00:00:00' AND sr_type IN (fixture types),27,27,27,verified,2026-10-07 00:18:16.797917,2026-10-07 00:18:18.568623
fy2026-20261007T001558Z,fy2026,2025-11-02,created_date >= '2025-11-02T00:00:00' AND created_date < '2025-11-03T00:00:00' AND sr_type IN (fixture types),40,40,40,verified,2026-10-07 00:18:18.584012,2026-10-07 00:18:19.890059
fy2026-20261007T001558Z,fy2026,2025-11-03,created_date >= '2025-11-03T00:00:00' AND created_date < '2025-11-04T00:00:00' AND sr_type IN (fixture types),71,71,71,verified,2026-10-07 00:18:19.890059,2026-10-07 00:18:22.001283
fy2026-20261007T001558Z,fy2026,2025-11-04,created_date >= '2025-11-04T00:00:00' AND created_date < '2025-11-05T00:00:00' AND sr_type IN (fixture types),68,68,68,verified,2026-10-07 00:18:22.001283,2026-10-07 00:18:26.432208
fy2026-20261007T001558Z,fy2026,2025-11-05,created_date >= '2025-11-05T00:00:00' AND created_date < '2025-11-06T00:00:00' AND sr_type IN (fixture types),59,59,59,verified,2026-10-07 00:18:26.433302,2026-10-07 00:18:31.325407
fy2026-20261007T001558Z,fy2026,2025-11-06,created_date >= '2025-11-06T00:00:00' AND created_date < '2025-11-07T00:00:00' AND sr_type IN (fixture types),49,49,49,verified,2026-10-07 00:18:31.325407,2026-10-07 00:18:35.163942
fy2026-20261007T001558Z,fy2026,2025-11-07,created_date >= '2025-11-07T00:00:00' AND created_date < '2025-11-08T00:00:00' AND sr_type IN (fixture types),65,65,65,verified,2026-10-07 00:18:35.179286,2026-10-07 00:18:35.872529
fy2026-20261007T001558Z,fy2026,2025-11-08,created_date >= '2025-11-08T00:00:00' AND created_date < '2025-11-09T00:00:00' AND sr_type IN (fixture types),36,36,36,verified,2026-10-07 00:18:35.872529,2026-10-07 00:18:38.160235
fy2026-20261007T001558Z,fy2026,2025-11-09,created_date >= '2025-11-09T00:00:00' AND created_date < '2025-11-10T00:00:00' AND sr_type IN (fixture types),38,38,38,verified,2026-10-07 00:18:38.160235,2026-10-07 00:18:39.206142
fy2026-20261007T001558Z,fy2026,2025-11-10,created_date >= '2025-11-10T00:00:00' AND created_date < '2025-11-11T00:00:00' AND sr_type IN (fixture types),77,77,77,verified,2026-10-07 00:18:39.208324,2026-10-07 00:18:41.600776
fy2026-20261007T001558Z,fy2026,2025-11-11,created_date >= '2025-11-11T00:00:00' AND created_date < '2025-11-12T00:00:00' AND sr_type IN (fixture types),44,44,44,verified,2026-10-07 00:18:41.600776,2026-10-07 00:18:42.943565
fy2026-20261007T001558Z,fy2026,2025-11-12,created_date >= '2025-11-12T00:00:00' AND created_date < '2025-11-13T00:00:00' AND sr_type IN (fixture types),62,62,62,verified,2026-10-07 00:18:42.943565,2026-10-07 00:18:43.99418
fy2026-20261007T001558Z,fy2026,2025-11-13,created_date >= '2025-11-13T00:00:00' AND created_date < '2025-11-14T00:00:00' AND sr_type IN (fixture types),72,72,72,verified,2026-10-07 00:18:43.995182,2026-10-07 00:18:46.684019
fy2026-20261007T001558Z,fy2026,2025-11-14,created_date >= '2025-11-14T00:00:00' AND created_date < '2025-11-15T00:00:00' AND sr_type IN (fixture types),55,55,55,verified,2026-10-07 00:18:46.685194,2026-10-07 00:18:48.566019
fy2026-20261007T001558Z,fy2026,2025-11-15,created_date >= '2025-11-15T00:00:00' AND created_date < '2025-11-16T00:00:00' AND sr_type IN (fixture types),29,29,29,verified,2026-10-07 00:18:48.566019,2026-10-07 00:18:51.782874
fy2026-20261007T001558Z,fy2026,2025-11-16,created_date >= '2025-11-16T00:00:00' AND created_date < '2025-11-17T00:00:00' AND sr_type IN (fixture types),47,47,47,verified,2026-10-07 00:18:51.78511,2026-10-07 00:18:53.760069
fy2026-20261007T001558Z,fy2026,2025-11-17,created_date >= '2025-11-17T00:00:00' AND created_date < '2025-11-18T00:00:00' AND sr_type IN (fixture types),44,44,44,verified,2026-10-07 00:18:53.760069,2026-10-07 00:18:56.266928
fy2026-20261007T001558Z,fy2026,2025-11-18,created_date >= '2025-11-18T00:00:00' AND created_date < '2025-11-19T00:00:00' AND sr_type IN (fixture types),48,48,48,verified,2026-10-07 00:18:56.266928,2026-10-07 00:18:58.565508
fy2026-20261007T001558Z,fy2026,2025-11-19,created_date >= '2025-11-19T00:00:00' AND created_date < '2025-11-20T00:00:00' AND sr_type IN (fixture types),40,40,40,verified,2026-10-07 00:18:58.565508,2026-10-07 00:19:00.078821
fy2026-20261007T001558Z,fy2026,2025-11-20,created_date >= '2025-11-20T00:00:00' AND created_date < '2025-11-21T00:00:00' AND sr_type IN (fixture types),64,64,64,verified,2026-10-07 00:19:00.079821,2026-10-07 00:19:03.488575
fy2026-20261007T001558Z,fy2026,2025-11-21,created_date >= '2025-11-21T00:00:00' AND created_date < '2025-11-22T00:00:00' AND sr_type IN (fixture types),50,50,50,verified,2026-10-07 00:19:03.488575,2026-10-07 00:19:06.091576
fy2026-20261007T001558Z,fy2026,2025-11-22,created_date >= '2025-11-22T00:00:00' AND created_date < '2025-11-23T00:00:00' AND sr_type IN (fixture types),31,31,31,verified,2026-10-07 00:19:06.091576,2026-10-07 00:19:09.589831
fy2026-20261007T001558Z,fy2026,2025-11-23,created_date >= '2025-11-23T00:00:00' AND created_date < '2025-11-24T00:00:00' AND sr_type IN (fixture types),33,33,33,verified,2026-10-07 00:19:09.589831,2026-10-07 00:19:11.397576
fy2026-20261007T001558Z,fy2026,2025-11-24,created_date >= '2025-11-24T00:00:00' AND created_date < '2025-11-25T00:00:00' AND sr_type IN (fixture types),56,56,56,verified,2026-10-07 00:19:11.397576,2026-10-07 00:19:12.765252
fy2026-20261007T001558Z,fy2026,2025-11-25,created_date >= '2025-11-25T00:00:00' AND created_date < '2025-11-26T00:00:00' AND sr_type IN (fixture types),48,48,48,verified,2026-10-07 00:19:12.765252,2026-10-07 00:19:15.793257
fy2026-20261007T001558Z,fy2026,2025-11-26,created_date >= '2025-11-26T00:00:00' AND created_date < '2025-11-27T00:00:00' AND sr_type IN (fixture types),130,130,130,verified,2026-10-07 00:19:15.794256,2026-10-07 00:19:17.421366
fy2026-20261007T001558Z,fy2026,2025-11-27,created_date >= '2025-11-27T00:00:00' AND created_date < '2025-11-28T00:00:00' AND sr_type IN (fixture types),24,24,24,verified,2026-10-07 00:19:17.423614,2026-10-07 00:19:18.54484
fy2026-20261007T001558Z,fy2026,2025-11-28,created_date >= '2025-11-28T00:00:00' AND created_date < '2025-11-29T00:00:00' AND sr_type IN (fixture types),40,40,40,verified,2026-10-07 00:19:18.545839,2026-10-07 00:19:20.596504
fy2026-20261007T001558Z,fy2026,2025-11-29,created_date >= '2025-11-29T00:00:00' AND created_date < '2025-11-30T00:00:00' AND sr_type IN (fixture types),34,34,34,verified,2026-10-07 00:19:20.612129,2026-10-07 00:19:22.670587
fy2026-20261007T001558Z,fy2026,2025-11-30,created_date >= '2025-11-30T00:00:00' AND created_date < '2025-12-01T00:00:00' AND sr_type IN (fixture types),47,47,47,verified,2026-10-07 00:19:22.67179,2026-10-07 00:19:25.846036
fy2026-20261007T001558Z,fy2026,2025-12-01,created_date >= '2025-12-01T00:00:00' AND created_date < '2025-12-02T00:00:00' AND sr_type IN (fixture types),46,46,46,verified,2026-10-07 00:19:25.847971,2026-10-07 00:19:27.623416
fy2026-20261007T001558Z,fy2026,2025-12-02,created_date >= '2025-12-02T00:00:00' AND created_date < '2025-12-03T00:00:00' AND sr_type IN (fixture types),46,46,46,verified,2026-10-07 00:19:27.625416,2026-10-07 00:19:30.246357
fy2026-20261007T001558Z,fy2026,2025-12-03,created_date >= '2025-12-03T00:00:00' AND created_date < '2025-12-04T00:00:00' AND sr_type IN (fixture types),64,64,64,verified,2026-10-07 00:19:30.247355,2026-10-07 00:19:32.515959
fy2026-20261007T001558Z,fy2026,2025-12-04,created_date >= '2025-12-04T00:00:00' AND created_date < '2025-12-05T00:00:00' AND sr_type IN (fixture types),59,59,59,verified,2026-10-07 00:19:32.516958,2026-10-07 00:19:33.283213
fy2026-20261007T001558Z,fy2026,2025-12-05,created_date >= '2025-12-05T00:00:00' AND created_date < '2025-12-06T00:00:00' AND sr_type IN (fixture types),41,41,41,verified,2026-10-07 00:19:33.284589,2026-10-07 00:19:35.910104
fy2026-20261007T001558Z,fy2026,2025-12-06,created_date >= '2025-12-06T00:00:00' AND created_date < '2025-12-07T00:00:00' AND sr_type IN (fixture types),31,31,31,verified,2026-10-07 00:19:35.911624,2026-10-07 00:19:37.550924
fy2026-20261007T001558Z,fy2026,2025-12-07,created_date >= '2025-12-07T00:00:00' AND created_date < '2025-12-08T00:00:00' AND sr_type IN (fixture types),46,46,46,verified,2026-10-07 00:19:37.552924,2026-10-07 00:19:38.461891
fy2026-20261007T001558Z,fy2026,2025-12-08,created_date >= '2025-12-08T00:00:00' AND created_date < '2025-12-09T00:00:00' AND sr_type IN (fixture types),49,49,49,verified,2026-10-07 00:19:38.462954,2026-10-07 00:19:41.328395
fy2026-20261007T001558Z,fy2026,2025-12-09,created_date >= '2025-12-09T00:00:00' AND created_date < '2025-12-10T00:00:00' AND sr_type IN (fixture types),52,52,52,verified,2026-10-07 00:19:41.337932,2026-10-07 00:19:42.564485
fy2026-20261007T001558Z,fy2026,2025-12-10,created_date >= '2025-12-10T00:00:00' AND created_date < '2025-12-11T00:00:00' AND sr_type IN (fixture types),53,53,53,verified,2026-10-07 00:19:42.565903,2026-10-07 00:19:46.044617
fy2026-20261007T001558Z,fy2026,2025-12-11,created_date >= '2025-12-11T00:00:00' AND created_date < '2025-12-12T00:00:00' AND sr_type IN (fixture types),45,45,45,verified,2026-10-07 00:19:46.045618,2026-10-07 00:19:48.368162
fy2026-20261007T001558Z,fy2026,2025-12-12,created_date >= '2025-12-12T00:00:00' AND created_date < '2025-12-13T00:00:00' AND sr_type IN (fixture types),51,51,51,verified,2026-10-07 00:19:48.370109,2026-10-07 00:19:50.283443
fy2026-20261007T001558Z,fy2026,2025-12-13,created_date >= '2025-12-13T00:00:00' AND created_date < '2025-12-14T00:00:00' AND sr_type IN (fixture types),31,31,31,verified,2026-10-07 00:19:50.283443,2026-10-07 00:19:53.377922
fy2026-20261007T001558Z,fy2026,2025-12-14,created_date >= '2025-12-14T00:00:00' AND created_date < '2025-12-15T00:00:00' AND sr_type IN (fixture types),60,60,60,verified,2026-10-07 00:19:53.377922,2026-10-07 00:19:54.354352
fy2026-20261007T001558Z,fy2026,2025-12-15,created_date >= '2025-12-15T00:00:00' AND created_date < '2025-12-16T00:00:00' AND sr_type IN (fixture types),76,76,76,verified,2026-10-07 00:19:54.354352,2026-10-07 00:19:57.002455
fy2026-20261007T001558Z,fy2026,2025-12-16,created_date >= '2025-12-16T00:00:00' AND created_date < '2025-12-17T00:00:00' AND sr_type IN (fixture types),84,84,84,verified,2026-10-07 00:19:57.002455,2026-10-07 00:19:58.121668
fy2026-20261007T001558Z,fy2026,2025-12-17,created_date >= '2025-12-17T00:00:00' AND created_date < '2025-12-18T00:00:00' AND sr_type IN (fixture types),66,66,66,verified,2026-10-07 00:19:58.122923,2026-10-07 00:20:00.026725
fy2026-20261007T001558Z,fy2026,2025-12-18,created_date >= '2025-12-18T00:00:00' AND created_date < '2025-12-19T00:00:00' AND sr_type IN (fixture types),90,90,90,verified,2026-10-07 00:20:00.027269,2026-10-07 00:20:02.289548
fy2026-20261007T001558Z,fy2026,2025-12-19,created_date >= '2025-12-19T00:00:00' AND created_date < '2025-12-20T00:00:00' AND sr_type IN (fixture types),67,67,67,verified,2026-10-07 00:20:02.291549,2026-10-07 00:20:03.878261
fy2026-20261007T001558Z,fy2026,2025-12-20,created_date >= '2025-12-20T00:00:00' AND created_date < '2025-12-21T00:00:00' AND sr_type IN (fixture types),45,45,45,verified,2026-10-07 00:20:03.880265,2026-10-07 00:20:06.258431
fy2026-20261007T001558Z,fy2026,2025-12-21,created_date >= '2025-12-21T00:00:00' AND created_date < '2025-12-22T00:00:00' AND sr_type IN (fixture types),29,29,29,verified,2026-10-07 00:20:06.259437,2026-10-07 00:20:07.821317
fy2026-20261007T001558Z,fy2026,2025-12-22,created_date >= '2025-12-22T00:00:00' AND created_date < '2025-12-23T00:00:00' AND sr_type IN (fixture types),75,75,75,verified,2026-10-07 00:20:07.822945,2026-10-07 00:20:11.79912
fy2026-20261007T001558Z,fy2026,2025-12-23,created_date >= '2025-12-23T00:00:00' AND created_date < '2025-12-24T00:00:00' AND sr_type IN (fixture types),58,58,58,verified,2026-10-07 00:20:11.79912,2026-10-07 00:20:14.110704
fy2026-20261007T001558Z,fy2026,2025-12-24,created_date >= '2025-12-24T00:00:00' AND created_date < '2025-12-25T00:00:00' AND sr_type IN (fixture types),31,31,31,verified,2026-10-07 00:20:14.113314,2026-10-07 00:20:16.068191
fy2026-20261007T001558Z,fy2026,2025-12-25,created_date >= '2025-12-25T00:00:00' AND created_date < '2025-12-26T00:00:00' AND sr_type IN (fixture types),17,17,17,verified,2026-10-07 00:20:16.069319,2026-10-07 00:20:17.187769
fy2026-20261007T001558Z,fy2026,2025-12-26,created_date >= '2025-12-26T00:00:00' AND created_date < '2025-12-27T00:00:00' AND sr_type IN (fixture types),58,58,58,verified,2026-10-07 00:20:17.188768,2026-10-07 00:20:20.449499
fy2026-20261007T001558Z,fy2026,2025-12-27,created_date >= '2025-12-27T00:00:00' AND created_date < '2025-12-28T00:00:00' AND sr_type IN (fixture types),34,34,34,verified,2026-10-07 00:20:20.45151,2026-10-07 00:20:21.744455
fy2026-20261007T001558Z,fy2026,2025-12-28,created_date >= '2025-12-28T00:00:00' AND created_date < '2025-12-29T00:00:00' AND sr_type IN (fixture types),138,138,138,verified,2026-10-07 00:20:21.747194,2026-10-07 00:20:23.362172
fy2026-20261007T001558Z,fy2026,2025-12-29,created_date >= '2025-12-29T00:00:00' AND created_date < '2025-12-30T00:00:00' AND sr_type IN (fixture types),105,105,105,verified,2026-10-07 00:20:23.363628,2026-10-07 00:20:26.258558
fy2026-20261007T001558Z,fy2026,2025-12-30,created_date >= '2025-12-30T00:00:00' AND created_date < '2025-12-31T00:00:00' AND sr_type IN (fixture types),54,54,54,verified,2026-10-07 00:20:26.274182,2026-10-07 00:20:29.863092
fy2026-20261007T001558Z,fy2026,2025-12-31,created_date >= '2025-12-31T00:00:00' AND created_date < '2026-01-01T00:00:00' AND sr_type IN (fixture types),50,50,50,verified,2026-10-07 00:20:29.865225,2026-10-07 00:20:31.689729
fy2026-20261007T001558Z,fy2026,2026-01-01,created_date >= '2026-01-01T00:00:00' AND created_date < '2026-01-02T00:00:00' AND sr_type IN (fixture types),31,31,31,verified,2026-10-07 00:20:31.691793,2026-10-07 00:20:33.305215
fy2026-20261007T001558Z,fy2026,2026-01-02,created_date >= '2026-01-02T00:00:00' AND created_date < '2026-01-03T00:00:00' AND sr_type IN (fixture types),42,42,42,verified,2026-10-07 00:20:33.30744,2026-10-07 00:20:35.657714
fy2026-20261007T001558Z,fy2026,2026-01-03,created_date >= '2026-01-03T00:00:00' AND created_date < '2026-01-04T00:00:00' AND sr_type IN (fixture types),32,32,32,verified,2026-10-07 00:20:35.673753,2026-10-07 00:20:36.942555
fy2026-20261007T001558Z,fy2026,2026-01-04,created_date >= '2026-01-04T00:00:00' AND created_date < '2026-01-05T00:00:00' AND sr_type IN (fixture types),28,28,28,verified,2026-10-07 00:20:36.942555,2026-10-07 00:20:41.460431
fy2026-20261007T001558Z,fy2026,2026-01-05,created_date >= '2026-01-05T00:00:00' AND created_date < '2026-01-06T00:00:00' AND sr_type IN (fixture types),59,59,59,verified,2026-10-07 00:20:41.462726,2026-10-07 00:20:44.255257
fy2026-20261007T001558Z,fy2026,2026-01-06,created_date >= '2026-01-06T00:00:00' AND created_date < '2026-01-07T00:00:00' AND sr_type IN (fixture types),62,62,62,verified,2026-10-07 00:20:44.256256,2026-10-07 00:20:47.281313
fy2026-20261007T001558Z,fy2026,2026-01-07,created_date >= '2026-01-07T00:00:00' AND created_date < '2026-01-08T00:00:00' AND sr_type IN (fixture types),63,63,63,verified,2026-10-07 00:20:47.283315,2026-10-07 00:20:48.520512
fy2026-20261007T001558Z,fy2026,2026-01-08,created_date >= '2026-01-08T00:00:00' AND created_date < '2026-01-09T00:00:00' AND sr_type IN (fixture types),264,264,264,verified,2026-10-07 00:20:48.52151,2026-10-07 00:20:52.51947
fy2026-20261007T001558Z,fy2026,2026-01-09,created_date >= '2026-01-09T00:00:00' AND created_date < '2026-01-10T00:00:00' AND sr_type IN (fixture types),389,389,389,verified,2026-10-07 00:20:52.52132,2026-10-07 00:20:56.596981
fy2026-20261007T001558Z,fy2026,2026-01-10,created_date >= '2026-01-10T00:00:00' AND created_date < '2026-01-11T00:00:00' AND sr_type IN (fixture types),102,102,102,verified,2026-10-07 00:20:56.596981,2026-10-07 00:20:57.90262
fy2026-20261007T001558Z,fy2026,2026-01-11,created_date >= '2026-01-11T00:00:00' AND created_date < '2026-01-12T00:00:00' AND sr_type IN (fixture types),50,50,50,verified,2026-10-07 00:20:57.90488,2026-10-07 00:20:59.607483
fy2026-20261007T001558Z,fy2026,2026-01-12,created_date >= '2026-01-12T00:00:00' AND created_date < '2026-01-13T00:00:00' AND sr_type IN (fixture types),124,124,124,verified,2026-10-07 00:20:59.609483,2026-10-07 00:21:02.154484
fy2026-20261007T001558Z,fy2026,2026-01-13,created_date >= '2026-01-13T00:00:00' AND created_date < '2026-01-14T00:00:00' AND sr_type IN (fixture types),98,98,98,verified,2026-10-07 00:21:02.155484,2026-10-07 00:21:05.048672
fy2026-20261007T001558Z,fy2026,2026-01-14,created_date >= '2026-01-14T00:00:00' AND created_date < '2026-01-15T00:00:00' AND sr_type IN (fixture types),64,64,64,verified,2026-10-07 00:21:05.050672,2026-10-07 00:21:06.804602
fy2026-20261007T001558Z,fy2026,2026-01-15,created_date >= '2026-01-15T00:00:00' AND created_date < '2026-01-16T00:00:00' AND sr_type IN (fixture types),77,77,77,verified,2026-10-07 00:21:06.806602,2026-10-07 00:21:11.153023
fy2026-20261007T001558Z,fy2026,2026-01-16,created_date >= '2026-01-16T00:00:00' AND created_date < '2026-01-17T00:00:00' AND sr_type IN (fixture types),44,44,44,verified,2026-10-07 00:21:11.153023,2026-10-07 00:21:14.910131
fy2026-20261007T001558Z,fy2026,2026-01-17,created_date >= '2026-01-17T00:00:00' AND created_date < '2026-01-18T00:00:00' AND sr_type IN (fixture types),25,25,25,verified,2026-10-07 00:21:14.911857,2026-10-07 00:21:18.845867
fy2026-20261007T001558Z,fy2026,2026-01-18,created_date >= '2026-01-18T00:00:00' AND created_date < '2026-01-19T00:00:00' AND sr_type IN (fixture types),36,36,36,verified,2026-10-07 00:21:18.845867,2026-10-07 00:21:23.190675
fy2026-20261007T001558Z,fy2026,2026-01-19,created_date >= '2026-01-19T00:00:00' AND created_date < '2026-01-20T00:00:00' AND sr_type IN (fixture types),42,42,42,verified,2026-10-07 00:21:23.191675,2026-10-07 00:21:25.002986
fy2026-20261007T001558Z,fy2026,2026-01-20,created_date >= '2026-01-20T00:00:00' AND created_date < '2026-01-21T00:00:00' AND sr_type IN (fixture types),104,104,104,verified,2026-10-07 00:21:25.002986,2026-10-07 00:21:28.75381
fy2026-20261007T001558Z,fy2026,2026-01-21,created_date >= '2026-01-21T00:00:00' AND created_date < '2026-01-22T00:00:00' AND sr_type IN (fixture types),98,98,98,verified,2026-10-07 00:21:28.75381,2026-10-07 00:21:30.453889
fy2026-20261007T001558Z,fy2026,2026-01-22,created_date >= '2026-01-22T00:00:00' AND created_date < '2026-01-23T00:00:00' AND sr_type IN (fixture types),101,101,101,verified,2026-10-07 00:21:30.453889,2026-10-07 00:21:33.612583
fy2026-20261007T001558Z,fy2026,2026-01-23,created_date >= '2026-01-23T00:00:00' AND created_date < '2026-01-24T00:00:00' AND sr_type IN (fixture types),92,92,92,verified,2026-10-07 00:21:33.614582,2026-10-07 00:21:35.545447
fy2026-20261007T001558Z,fy2026,2026-01-24,created_date >= '2026-01-24T00:00:00' AND created_date < '2026-01-25T00:00:00' AND sr_type IN (fixture types),271,271,271,verified,2026-10-07 00:21:35.547452,2026-10-07 00:21:37.573453
fy2026-20261007T001558Z,fy2026,2026-01-25,created_date >= '2026-01-25T00:00:00' AND created_date < '2026-01-26T00:00:00' AND sr_type IN (fixture types),130,130,130,verified,2026-10-07 00:21:37.574454,2026-10-07 00:21:40.337737
fy2026-20261007T001558Z,fy2026,2026-01-26,created_date >= '2026-01-26T00:00:00' AND created_date < '2026-01-27T00:00:00' AND sr_type IN (fixture types),177,177,177,verified,2026-10-07 00:21:40.337737,2026-10-07 00:21:42.236511
fy2026-20261007T001558Z,fy2026,2026-01-27,created_date >= '2026-01-27T00:00:00' AND created_date < '2026-01-28T00:00:00' AND sr_type IN (fixture types),123,123,123,verified,2026-10-07 00:21:42.25152,2026-10-07 00:21:45.585923
fy2026-20261007T001558Z,fy2026,2026-01-28,created_date >= '2026-01-28T00:00:00' AND created_date < '2026-01-29T00:00:00' AND sr_type IN (fixture types),146,146,146,verified,2026-10-07 00:21:45.585923,2026-10-07 00:21:47.26491
fy2026-20261007T001558Z,fy2026,2026-01-29,created_date >= '2026-01-29T00:00:00' AND created_date < '2026-01-30T00:00:00' AND sr_type IN (fixture types),169,169,169,verified,2026-10-07 00:21:47.265912,2026-10-07 00:21:48.800176
fy2026-20261007T001558Z,fy2026,2026-01-30,created_date >= '2026-01-30T00:00:00' AND created_date < '2026-01-31T00:00:00' AND sr_type IN (fixture types),157,157,157,verified,2026-10-07 00:21:48.800176,2026-10-07 00:21:51.177397
fy2026-20261007T001558Z,fy2026,2026-01-31,created_date >= '2026-01-31T00:00:00' AND created_date < '2026-02-01T00:00:00' AND sr_type IN (fixture types),100,100,100,verified,2026-10-07 00:21:51.178954,2026-10-07 00:21:52.896095
fy2026-20261007T001558Z,fy2026,2026-02-01,created_date >= '2026-02-01T00:00:00' AND created_date < '2026-02-02T00:00:00' AND sr_type IN (fixture types),76,76,76,verified,2026-10-07 00:21:52.897097,2026-10-07 00:21:53.93434
fy2026-20261007T001558Z,fy2026,2026-02-02,created_date >= '2026-02-02T00:00:00' AND created_date < '2026-02-03T00:00:00' AND sr_type IN (fixture types),138,138,138,verified,2026-10-07 00:21:53.93434,2026-10-07 00:21:55.451512
fy2026-20261007T001558Z,fy2026,2026-02-03,created_date >= '2026-02-03T00:00:00' AND created_date < '2026-02-04T00:00:00' AND sr_type IN (fixture types),115,115,115,verified,2026-10-07 00:21:55.451512,2026-10-07 00:21:59.25805
fy2026-20261007T001558Z,fy2026,2026-02-04,created_date >= '2026-02-04T00:00:00' AND created_date < '2026-02-05T00:00:00' AND sr_type IN (fixture types),100,100,100,verified,2026-10-07 00:21:59.25805,2026-10-07 00:22:00.650776
fy2026-20261007T001558Z,fy2026,2026-02-05,created_date >= '2026-02-05T00:00:00' AND created_date < '2026-02-06T00:00:00' AND sr_type IN (fixture types),80,80,80,verified,2026-10-07 00:22:00.650776,2026-10-07 00:22:04.503691
fy2026-20261007T001558Z,fy2026,2026-02-06,created_date >= '2026-02-06T00:00:00' AND created_date < '2026-02-07T00:00:00' AND sr_type IN (fixture types),86,86,86,verified,2026-10-07 00:22:04.51932,2026-10-07 00:22:07.638037
fy2026-20261007T001558Z,fy2026,2026-02-07,created_date >= '2026-02-07T00:00:00' AND created_date < '2026-02-08T00:00:00' AND sr_type IN (fixture types),43,43,43,verified,2026-10-07 00:22:07.640038,2026-10-07 00:22:08.661417
fy2026-20261007T001558Z,fy2026,2026-02-08,created_date >= '2026-02-08T00:00:00' AND created_date < '2026-02-09T00:00:00' AND sr_type IN (fixture types),41,41,41,verified,2026-10-07 00:22:08.668388,2026-10-07 00:22:10.021769
fy2026-20261007T001558Z,fy2026,2026-02-09,created_date >= '2026-02-09T00:00:00' AND created_date < '2026-02-10T00:00:00' AND sr_type IN (fixture types),85,85,85,verified,2026-10-07 00:22:10.021769,2026-10-07 00:22:21.367144
fy2026-20261007T001558Z,fy2026,2026-02-10,created_date >= '2026-02-10T00:00:00' AND created_date < '2026-02-11T00:00:00' AND sr_type IN (fixture types),80,80,80,verified,2026-10-07 00:22:21.368146,2026-10-07 00:22:26.176761
fy2026-20261007T001558Z,fy2026,2026-02-11,created_date >= '2026-02-11T00:00:00' AND created_date < '2026-02-12T00:00:00' AND sr_type IN (fixture types),70,70,70,verified,2026-10-07 00:22:26.182622,2026-10-07 00:22:33.203837
fy2026-20261007T001558Z,fy2026,2026-02-12,created_date >= '2026-02-12T00:00:00' AND created_date < '2026-02-13T00:00:00' AND sr_type IN (fixture types),55,55,55,verified,2026-10-07 00:22:33.206001,2026-10-07 00:22:39.33236
fy2026-20261007T001558Z,fy2026,2026-02-13,created_date >= '2026-02-13T00:00:00' AND created_date < '2026-02-14T00:00:00' AND sr_type IN (fixture types),71,71,71,verified,2026-10-07 00:22:39.33236,2026-10-07 00:22:42.70333
fy2026-20261007T001558Z,fy2026,2026-02-14,created_date >= '2026-02-14T00:00:00' AND created_date < '2026-02-15T00:00:00' AND sr_type IN (fixture types),39,39,39,verified,2026-10-07 00:22:42.705332,2026-10-07 00:22:46.37062
fy2026-20261007T001558Z,fy2026,2026-02-15,created_date >= '2026-02-15T00:00:00' AND created_date < '2026-02-16T00:00:00' AND sr_type IN (fixture types),32,32,32,verified,2026-10-07 00:22:46.37162,2026-10-07 00:22:48.200624
fy2026-20261007T001558Z,fy2026,2026-02-16,created_date >= '2026-02-16T00:00:00' AND created_date < '2026-02-17T00:00:00' AND sr_type IN (fixture types),57,57,57,verified,2026-10-07 00:22:48.202624,2026-10-07 00:22:53.067013
fy2026-20261007T001558Z,fy2026,2026-02-17,created_date >= '2026-02-17T00:00:00' AND created_date < '2026-02-18T00:00:00' AND sr_type IN (fixture types),106,106,106,verified,2026-10-07 00:22:53.06901,2026-10-07 00:22:57.030887
fy2026-20261007T001558Z,fy2026,2026-02-18,created_date >= '2026-02-18T00:00:00' AND created_date < '2026-02-19T00:00:00' AND sr_type IN (fixture types),78,78,78,verified,2026-10-07 00:22:57.040912,2026-10-07 00:23:00.180312
fy2026-20261007T001558Z,fy2026,2026-02-19,created_date >= '2026-02-19T00:00:00' AND created_date < '2026-02-20T00:00:00' AND sr_type IN (fixture types),67,67,67,verified,2026-10-07 00:23:00.181889,2026-10-07 00:23:03.945089
fy2026-20261007T001558Z,fy2026,2026-02-20,created_date >= '2026-02-20T00:00:00' AND created_date < '2026-02-21T00:00:00' AND sr_type IN (fixture types),65,65,65,verified,2026-10-07 00:23:03.947903,2026-10-07 00:23:06.706448
fy2026-20261007T001558Z,fy2026,2026-02-21,created_date >= '2026-02-21T00:00:00' AND created_date < '2026-02-22T00:00:00' AND sr_type IN (fixture types),28,28,28,verified,2026-10-07 00:23:06.706448,2026-10-07 00:23:11.519616
fy2026-20261007T001558Z,fy2026,2026-02-22,created_date >= '2026-02-22T00:00:00' AND created_date < '2026-02-23T00:00:00' AND sr_type IN (fixture types),41,41,41,verified,2026-10-07 00:23:11.519616,2026-10-07 00:23:15.969396
fy2026-20261007T001558Z,fy2026,2026-02-23,created_date >= '2026-02-23T00:00:00' AND created_date < '2026-02-24T00:00:00' AND sr_type IN (fixture types),88,88,88,verified,2026-10-07 00:23:15.969396,2026-10-07 00:23:19.784538
fy2026-20261007T001558Z,fy2026,2026-02-24,created_date >= '2026-02-24T00:00:00' AND created_date < '2026-02-25T00:00:00' AND sr_type IN (fixture types),66,66,66,verified,2026-10-07 00:23:19.784538,2026-10-07 00:23:26.153517
fy2026-20261007T001558Z,fy2026,2026-02-25,created_date >= '2026-02-25T00:00:00' AND created_date < '2026-02-26T00:00:00' AND sr_type IN (fixture types),43,43,43,verified,2026-10-07 00:23:26.155517,2026-10-07 00:23:30.236125
fy2026-20261007T001558Z,fy2026,2026-02-26,created_date >= '2026-02-26T00:00:00' AND created_date < '2026-02-27T00:00:00' AND sr_type IN (fixture types),54,54,54,verified,2026-10-07 00:23:30.236125,2026-10-07 00:23:33.953206
fy2026-20261007T001558Z,fy2026,2026-02-27,created_date >= '2026-02-27T00:00:00' AND created_date < '2026-02-28T00:00:00' AND sr_type IN (fixture types),37,37,37,verified,2026-10-07 00:23:33.955439,2026-10-07 00:23:41.911901
fy2026-20261007T001558Z,fy2026,2026-02-28,created_date >= '2026-02-28T00:00:00' AND created_date < '2026-03-01T00:00:00' AND sr_type IN (fixture types),39,39,39,verified,2026-10-07 00:23:41.912904,2026-10-07 00:23:46.133229
fy2026-20261007T001558Z,fy2026,2026-03-01,created_date >= '2026-03-01T00:00:00' AND created_date < '2026-03-02T00:00:00' AND sr_type IN (fixture types),36,36,36,verified,2026-10-07 00:23:46.13395,2026-10-07 00:23:49.851696
fy2026-20261007T001558Z,fy2026,2026-03-02,created_date >= '2026-03-02T00:00:00' AND created_date < '2026-03-03T00:00:00' AND sr_type IN (fixture types),37,37,37,verified,2026-10-07 00:23:49.851696,2026-10-07 00:23:54.54811
fy2026-20261007T001558Z,fy2026,2026-03-03,created_date >= '2026-03-03T00:00:00' AND created_date < '2026-03-04T00:00:00' AND sr_type IN (fixture types),56,56,56,verified,2026-10-07 00:23:54.550108,2026-10-07 00:24:00.411593
fy2026-20261007T001558Z,fy2026,2026-03-04,created_date >= '2026-03-04T00:00:00' AND created_date < '2026-03-05T00:00:00' AND sr_type IN (fixture types),60,60,60,verified,2026-10-07 00:24:00.413927,2026-10-07 00:24:09.295464
fy2026-20261007T001558Z,fy2026,2026-03-05,created_date >= '2026-03-05T00:00:00' AND created_date < '2026-03-06T00:00:00' AND sr_type IN (fixture types),73,73,73,verified,2026-10-07 00:24:09.297466,2026-10-07 00:24:14.728902
fy2026-20261007T001558Z,fy2026,2026-03-06,created_date >= '2026-03-06T00:00:00' AND created_date < '2026-03-07T00:00:00' AND sr_type IN (fixture types),110,110,110,verified,2026-10-07 00:24:14.730055,2026-10-07 00:24:20.010446
fy2026-20261007T001558Z,fy2026,2026-03-07,created_date >= '2026-03-07T00:00:00' AND created_date < '2026-03-08T00:00:00' AND sr_type IN (fixture types),79,79,79,verified,2026-10-07 00:24:20.010446,2026-10-07 00:24:22.157594
fy2026-20261007T001558Z,fy2026,2026-03-08,created_date >= '2026-03-08T00:00:00' AND created_date < '2026-03-09T00:00:00' AND sr_type IN (fixture types),50,50,50,verified,2026-10-07 00:24:22.160186,2026-10-07 00:24:30.159178
fy2026-20261007T001558Z,fy2026,2026-03-09,created_date >= '2026-03-09T00:00:00' AND created_date < '2026-03-10T00:00:00' AND sr_type IN (fixture types),98,98,98,verified,2026-10-07 00:24:30.159178,2026-10-07 00:24:34.138301
fy2026-20261007T001558Z,fy2026,2026-03-10,created_date >= '2026-03-10T00:00:00' AND created_date < '2026-03-11T00:00:00' AND sr_type IN (fixture types),123,123,123,verified,2026-10-07 00:24:34.140292,2026-10-07 00:24:35.668063
fy2026-20261007T001558Z,fy2026,2026-03-11,created_date >= '2026-03-11T00:00:00' AND created_date < '2026-03-12T00:00:00' AND sr_type IN (fixture types),164,164,164,verified,2026-10-07 00:24:35.669497,2026-10-07 00:24:37.977906
fy2026-20261007T001558Z,fy2026,2026-03-12,created_date >= '2026-03-12T00:00:00' AND created_date < '2026-03-13T00:00:00' AND sr_type IN (fixture types),82,82,82,verified,2026-10-07 00:24:37.979088,2026-10-07 00:24:42.830854
fy2026-20261007T001558Z,fy2026,2026-03-13,created_date >= '2026-03-13T00:00:00' AND created_date < '2026-03-14T00:00:00' AND sr_type IN (fixture types),247,247,247,verified,2026-10-07 00:24:42.832977,2026-10-07 00:24:46.672806
fy2026-20261007T001558Z,fy2026,2026-03-14,created_date >= '2026-03-14T00:00:00' AND created_date < '2026-03-15T00:00:00' AND sr_type IN (fixture types),66,66,66,verified,2026-10-07 00:24:46.672806,2026-10-07 00:24:48.194731
fy2026-20261007T001558Z,fy2026,2026-03-15,created_date >= '2026-03-15T00:00:00' AND created_date < '2026-03-16T00:00:00' AND sr_type IN (fixture types),170,170,170,verified,2026-10-07 00:24:48.197094,2026-10-07 00:24:49.789116
fy2026-20261007T001558Z,fy2026,2026-03-16,created_date >= '2026-03-16T00:00:00' AND created_date < '2026-03-17T00:00:00' AND sr_type IN (fixture types),257,257,257,verified,2026-10-07 00:24:49.789116,2026-10-07 00:24:52.079001
fy2026-20261007T001558Z,fy2026,2026-03-17,created_date >= '2026-03-17T00:00:00' AND created_date < '2026-03-18T00:00:00' AND sr_type IN (fixture types),92,92,92,verified,2026-10-07 00:24:52.079184,2026-10-07 00:24:53.801044
fy2026-20261007T001558Z,fy2026,2026-03-18,created_date >= '2026-03-18T00:00:00' AND created_date < '2026-03-19T00:00:00' AND sr_type IN (fixture types),64,64,64,verified,2026-10-07 00:24:53.802177,2026-10-07 00:24:58.228793
fy2026-20261007T001558Z,fy2026,2026-03-19,created_date >= '2026-03-19T00:00:00' AND created_date < '2026-03-20T00:00:00' AND sr_type IN (fixture types),80,80,80,verified,2026-10-07 00:24:58.230794,2026-10-07 00:25:00.581177
fy2026-20261007T001558Z,fy2026,2026-03-20,created_date >= '2026-03-20T00:00:00' AND created_date < '2026-03-21T00:00:00' AND sr_type IN (fixture types),79,79,79,verified,2026-10-07 00:25:00.581177,2026-10-07 00:25:06.773488
fy2026-20261007T001558Z,fy2026,2026-03-21,created_date >= '2026-03-21T00:00:00' AND created_date < '2026-03-22T00:00:00' AND sr_type IN (fixture types),43,43,43,verified,2026-10-07 00:25:06.789089,2026-10-07 00:25:08.775382
fy2026-20261007T001558Z,fy2026,2026-03-22,created_date >= '2026-03-22T00:00:00' AND created_date < '2026-03-23T00:00:00' AND sr_type IN (fixture types),68,68,68,verified,2026-10-07 00:25:08.777314,2026-10-07 00:25:10.020944
fy2026-20261007T001558Z,fy2026,2026-03-23,created_date >= '2026-03-23T00:00:00' AND created_date < '2026-03-24T00:00:00' AND sr_type IN (fixture types),78,78,78,verified,2026-10-07 00:25:10.020944,2026-10-07 00:25:11.474136
fy2026-20261007T001558Z,fy2026,2026-03-24,created_date >= '2026-03-24T00:00:00' AND created_date < '2026-03-25T00:00:00' AND sr_type IN (fixture types),70,70,70,verified,2026-10-07 00:25:11.474136,2026-10-07 00:25:13.126806
fy2026-20261007T001558Z,fy2026,2026-03-25,created_date >= '2026-03-25T00:00:00' AND created_date < '2026-03-26T00:00:00' AND sr_type IN (fixture types),56,56,56,verified,2026-10-07 00:25:13.128794,2026-10-07 00:25:16.187589
fy2026-20261007T001558Z,fy2026,2026-03-26,created_date >= '2026-03-26T00:00:00' AND created_date < '2026-03-27T00:00:00' AND sr_type IN (fixture types),96,96,96,verified,2026-10-07 00:25:16.190639,2026-10-07 00:25:18.1475
fy2026-20261007T001558Z,fy2026,2026-03-27,created_date >= '2026-03-27T00:00:00' AND created_date < '2026-03-28T00:00:00' AND sr_type IN (fixture types),58,58,58,verified,2026-10-07 00:25:18.148808,2026-10-07 00:25:20.940433
fy2026-20261007T001558Z,fy2026,2026-03-28,created_date >= '2026-03-28T00:00:00' AND created_date < '2026-03-29T00:00:00' AND sr_type IN (fixture types),30,30,30,verified,2026-10-07 00:25:20.940433,2026-10-07 00:25:21.715635
fy2026-20261007T001558Z,fy2026,2026-03-29,created_date >= '2026-03-29T00:00:00' AND created_date < '2026-03-30T00:00:00' AND sr_type IN (fixture types),36,36,36,verified,2026-10-07 00:25:21.716635,2026-10-07 00:25:24.422443
fy2026-20261007T001558Z,fy2026,2026-03-30,created_date >= '2026-03-30T00:00:00' AND created_date < '2026-03-31T00:00:00' AND sr_type IN (fixture types),69,69,69,verified,2026-10-07 00:25:24.423462,2026-10-07 00:25:26.441262
fy2026-20261007T001558Z,fy2026,2026-03-31,created_date >= '2026-03-31T00:00:00' AND created_date < '2026-04-01T00:00:00' AND sr_type IN (fixture types),69,69,69,verified,2026-10-07 00:25:26.441262,2026-10-07 00:25:29.678039
fy2026-20261007T001558Z,fy2026,2026-04-01,created_date >= '2026-04-01T00:00:00' AND created_date < '2026-04-02T00:00:00' AND sr_type IN (fixture types),65,65,65,verified,2026-10-07 00:25:29.680168,2026-10-07 00:25:32.225941
fy2026-20261007T001558Z,fy2026,2026-04-02,created_date >= '2026-04-02T00:00:00' AND created_date < '2026-04-03T00:00:00' AND sr_type IN (fixture types),128,128,128,verified,2026-10-07 00:25:32.236158,2026-10-07 00:25:35.668852
fy2026-20261007T001558Z,fy2026,2026-04-03,created_date >= '2026-04-03T00:00:00' AND created_date < '2026-04-04T00:00:00' AND sr_type IN (fixture types),119,119,119,verified,2026-10-07 00:25:35.668852,2026-10-07 00:25:38.759608
fy2026-20261007T001558Z,fy2026,2026-04-04,created_date >= '2026-04-04T00:00:00' AND created_date < '2026-04-05T00:00:00' AND sr_type IN (fixture types),122,122,122,verified,2026-10-07 00:25:38.759608,2026-10-07 00:25:39.860797
fy2026-20261007T001558Z,fy2026,2026-04-05,created_date >= '2026-04-05T00:00:00' AND created_date < '2026-04-06T00:00:00' AND sr_type IN (fixture types),72,72,72,verified,2026-10-07 00:25:39.861798,2026-10-07 00:25:43.552015
fy2026-20261007T001558Z,fy2026,2026-04-06,created_date >= '2026-04-06T00:00:00' AND created_date < '2026-04-07T00:00:00' AND sr_type IN (fixture types),100,100,100,verified,2026-10-07 00:25:43.552015,2026-10-07 00:25:49.250683
fy2026-20261007T001558Z,fy2026,2026-04-07,created_date >= '2026-04-07T00:00:00' AND created_date < '2026-04-08T00:00:00' AND sr_type IN (fixture types),66,66,66,verified,2026-10-07 00:25:49.252683,2026-10-07 00:25:51.745585
fy2026-20261007T001558Z,fy2026,2026-04-08,created_date >= '2026-04-08T00:00:00' AND created_date < '2026-04-09T00:00:00' AND sr_type IN (fixture types),76,76,76,verified,2026-10-07 00:25:51.747585,2026-10-07 00:25:55.067396
fy2026-20261007T001558Z,fy2026,2026-04-09,created_date >= '2026-04-09T00:00:00' AND created_date < '2026-04-10T00:00:00' AND sr_type IN (fixture types),69,69,69,verified,2026-10-07 00:25:55.067396,2026-10-07 00:25:57.555932
fy2026-20261007T001558Z,fy2026,2026-04-10,created_date >= '2026-04-10T00:00:00' AND created_date < '2026-04-11T00:00:00' AND sr_type IN (fixture types),69,69,69,verified,2026-10-07 00:25:57.555932,2026-10-07 00:25:59.718148
fy2026-20261007T001558Z,fy2026,2026-04-11,created_date >= '2026-04-11T00:00:00' AND created_date < '2026-04-12T00:00:00' AND sr_type IN (fixture types),49,49,49,verified,2026-10-07 00:25:59.718148,2026-10-07 00:26:04.261841
fy2026-20261007T001558Z,fy2026,2026-04-12,created_date >= '2026-04-12T00:00:00' AND created_date < '2026-04-13T00:00:00' AND sr_type IN (fixture types),61,61,61,verified,2026-10-07 00:26:04.261841,2026-10-07 00:26:06.681399
fy2026-20261007T001558Z,fy2026,2026-04-13,created_date >= '2026-04-13T00:00:00' AND created_date < '2026-04-14T00:00:00' AND sr_type IN (fixture types),84,84,84,verified,2026-10-07 00:26:06.681399,2026-10-07 00:26:07.841118
fy2026-20261007T001558Z,fy2026,2026-04-14,created_date >= '2026-04-14T00:00:00' AND created_date < '2026-04-15T00:00:00' AND sr_type IN (fixture types),125,125,125,verified,2026-10-07 00:26:07.841991,2026-10-07 00:26:10.358791
fy2026-20261007T001558Z,fy2026,2026-04-15,created_date >= '2026-04-15T00:00:00' AND created_date < '2026-04-16T00:00:00' AND sr_type IN (fixture types),485,485,485,verified,2026-10-07 00:26:10.358791,2026-10-07 00:26:12.770243
fy2026-20261007T001558Z,fy2026,2026-04-16,created_date >= '2026-04-16T00:00:00' AND created_date < '2026-04-17T00:00:00' AND sr_type IN (fixture types),143,143,143,verified,2026-10-07 00:26:12.771803,2026-10-07 00:26:16.667357
fy2026-20261007T001558Z,fy2026,2026-04-17,created_date >= '2026-04-17T00:00:00' AND created_date < '2026-04-18T00:00:00' AND sr_type IN (fixture types),115,115,115,verified,2026-10-07 00:26:16.667357,2026-10-07 00:26:27.045921
fy2026-20261007T001558Z,fy2026,2026-04-18,created_date >= '2026-04-18T00:00:00' AND created_date < '2026-04-19T00:00:00' AND sr_type IN (fixture types),70,70,70,verified,2026-10-07 00:26:27.047665,2026-10-07 00:26:29.102542
fy2026-20261007T001558Z,fy2026,2026-04-19,created_date >= '2026-04-19T00:00:00' AND created_date < '2026-04-20T00:00:00' AND sr_type IN (fixture types),59,59,59,verified,2026-10-07 00:26:29.103556,2026-10-07 00:26:31.803399
fy2026-20261007T001558Z,fy2026,2026-04-20,created_date >= '2026-04-20T00:00:00' AND created_date < '2026-04-21T00:00:00' AND sr_type IN (fixture types),91,91,91,verified,2026-10-07 00:26:31.8054,2026-10-07 00:26:38.468302
fy2026-20261007T001558Z,fy2026,2026-04-21,created_date >= '2026-04-21T00:00:00' AND created_date < '2026-04-22T00:00:00' AND sr_type IN (fixture types),95,95,95,verified,2026-10-07 00:26:38.470907,2026-10-07 00:26:42.247766
fy2026-20261007T001558Z,fy2026,2026-04-22,created_date >= '2026-04-22T00:00:00' AND created_date < '2026-04-23T00:00:00' AND sr_type IN (fixture types),76,76,76,verified,2026-10-07 00:26:42.249766,2026-10-07 00:26:46.759664
fy2026-20261007T001558Z,fy2026,2026-04-23,created_date >= '2026-04-23T00:00:00' AND created_date < '2026-04-24T00:00:00' AND sr_type IN (fixture types),73,73,73,verified,2026-10-07 00:26:46.759664,2026-10-07 00:26:51.614817
fy2026-20261007T001558Z,fy2026,2026-04-24,created_date >= '2026-04-24T00:00:00' AND created_date < '2026-04-25T00:00:00' AND sr_type IN (fixture types),71,71,71,verified,2026-10-07 00:26:51.616379,2026-10-07 00:26:56.310269
fy2026-20261007T001558Z,fy2026,2026-04-25,created_date >= '2026-04-25T00:00:00' AND created_date < '2026-04-26T00:00:00' AND sr_type IN (fixture types),41,41,41,verified,2026-10-07 00:26:56.312154,2026-10-07 00:26:58.172821
fy2026-20261007T001558Z,fy2026,2026-04-26,created_date >= '2026-04-26T00:00:00' AND created_date < '2026-04-27T00:00:00' AND sr_type IN (fixture types),33,33,33,verified,2026-10-07 00:26:58.173822,2026-10-07 00:27:00.468815
fy2026-20261007T001558Z,fy2026,2026-04-27,created_date >= '2026-04-27T00:00:00' AND created_date < '2026-04-28T00:00:00' AND sr_type IN (fixture types),108,108,108,verified,2026-10-07 00:27:00.469818,2026-10-07 00:27:04.897441
fy2026-20261007T001558Z,fy2026,2026-04-28,created_date >= '2026-04-28T00:00:00' AND created_date < '2026-04-29T00:00:00' AND sr_type IN (fixture types),62,62,62,verified,2026-10-07 00:27:04.897441,2026-10-07 00:27:08.499058
fy2026-20261007T001558Z,fy2026,2026-04-29,created_date >= '2026-04-29T00:00:00' AND created_date < '2026-04-30T00:00:00' AND sr_type IN (fixture types),55,55,55,verified,2026-10-07 00:27:08.501056,2026-10-07 00:27:12.424611
fy2026-20261007T001558Z,fy2026,2026-04-30,created_date >= '2026-04-30T00:00:00' AND created_date < '2026-05-01T00:00:00' AND sr_type IN (fixture types),55,55,55,verified,2026-10-07 00:27:12.427599,2026-10-07 00:27:15.161915
fy2026-20261007T001558Z,fy2026,2026-05-01,created_date >= '2026-05-01T00:00:00' AND created_date < '2026-05-02T00:00:00' AND sr_type IN (fixture types),68,68,68,verified,2026-10-07 00:27:15.163915,2026-10-07 00:27:20.319458
fy2026-20261007T001558Z,fy2026,2026-05-02,created_date >= '2026-05-02T00:00:00' AND created_date < '2026-05-03T00:00:00' AND sr_type IN (fixture types),40,40,40,verified,2026-10-07 00:27:20.321268,2026-10-07 00:27:23.248363
fy2026-20261007T001558Z,fy2026,2026-05-03,created_date >= '2026-05-03T00:00:00' AND created_date < '2026-05-04T00:00:00' AND sr_type IN (fixture types),51,51,51,verified,2026-10-07 00:27:23.250363,2026-10-07 00:27:26.537028
fy2026-20261007T001558Z,fy2026,2026-05-04,created_date >= '2026-05-04T00:00:00' AND created_date < '2026-05-05T00:00:00' AND sr_type IN (fixture types),67,67,67,verified,2026-10-07 00:27:26.538029,2026-10-07 00:27:29.571991
fy2026-20261007T001558Z,fy2026,2026-05-05,created_date >= '2026-05-05T00:00:00' AND created_date < '2026-05-06T00:00:00' AND sr_type IN (fixture types),74,74,74,verified,2026-10-07 00:27:29.573024,2026-10-07 00:27:31.974356
fy2026-20261007T001558Z,fy2026,2026-05-06,created_date >= '2026-05-06T00:00:00' AND created_date < '2026-05-07T00:00:00' AND sr_type IN (fixture types),64,64,64,verified,2026-10-07 00:27:31.975358,2026-10-07 00:27:34.250286
fy2026-20261007T001558Z,fy2026,2026-05-07,created_date >= '2026-05-07T00:00:00' AND created_date < '2026-05-08T00:00:00' AND sr_type IN (fixture types),65,65,65,verified,2026-10-07 00:27:34.250286,2026-10-07 00:27:42.818643
fy2026-20261007T001558Z,fy2026,2026-05-08,created_date >= '2026-05-08T00:00:00' AND created_date < '2026-05-09T00:00:00' AND sr_type IN (fixture types),52,52,52,verified,2026-10-07 00:27:42.818643,2026-10-07 00:27:45.720098
fy2026-20261007T001558Z,fy2026,2026-05-09,created_date >= '2026-05-09T00:00:00' AND created_date < '2026-05-10T00:00:00' AND sr_type IN (fixture types),36,36,36,verified,2026-10-07 00:27:45.720098,2026-10-07 00:27:47.065737
fy2026-20261007T001558Z,fy2026,2026-05-10,created_date >= '2026-05-10T00:00:00' AND created_date < '2026-05-11T00:00:00' AND sr_type IN (fixture types),56,56,56,verified,2026-10-07 00:27:47.066731,2026-10-07 00:27:50.392268
fy2026-20261007T001558Z,fy2026,2026-05-11,created_date >= '2026-05-11T00:00:00' AND created_date < '2026-05-12T00:00:00' AND sr_type IN (fixture types),58,58,58,verified,2026-10-07 00:27:50.392268,2026-10-07 00:27:53.188304
fy2026-20261007T001558Z,fy2026,2026-05-12,created_date >= '2026-05-12T00:00:00' AND created_date < '2026-05-13T00:00:00' AND sr_type IN (fixture types),48,48,48,verified,2026-10-07 00:27:53.190303,2026-10-07 00:27:56.549843
fy2026-20261007T001558Z,fy2026,2026-05-13,created_date >= '2026-05-13T00:00:00' AND created_date < '2026-05-14T00:00:00' AND sr_type IN (fixture types),45,45,45,verified,2026-10-07 00:27:56.549843,2026-10-07 00:28:00.533768
fy2026-20261007T001558Z,fy2026,2026-05-14,created_date >= '2026-05-14T00:00:00' AND created_date < '2026-05-15T00:00:00' AND sr_type IN (fixture types),76,76,76,verified,2026-10-07 00:28:00.533768,2026-10-07 00:28:05.377035
fy2026-20261007T001558Z,fy2026,2026-05-15,created_date >= '2026-05-15T00:00:00' AND created_date < '2026-05-16T00:00:00' AND sr_type IN (fixture types),66,66,66,verified,2026-10-07 00:28:05.37974,2026-10-07 00:28:16.257169
fy2026-20261007T001558Z,fy2026,2026-05-16,created_date >= '2026-05-16T00:00:00' AND created_date < '2026-05-17T00:00:00' AND sr_type IN (fixture types),26,26,26,verified,2026-10-07 00:28:16.257169,2026-10-07 00:28:18.753911
fy2026-20261007T001558Z,fy2026,2026-05-17,created_date >= '2026-05-17T00:00:00' AND created_date < '2026-05-18T00:00:00' AND sr_type IN (fixture types),48,48,48,verified,2026-10-07 00:28:18.754925,2026-10-07 00:28:19.960459
fy2026-20261007T001558Z,fy2026,2026-05-18,created_date >= '2026-05-18T00:00:00' AND created_date < '2026-05-19T00:00:00' AND sr_type IN (fixture types),84,84,84,verified,2026-10-07 00:28:19.960459,2026-10-07 00:28:33.187507
fy2026-20261007T001558Z,fy2026,2026-05-19,created_date >= '2026-05-19T00:00:00' AND created_date < '2026-05-20T00:00:00' AND sr_type IN (fixture types),71,71,71,verified,2026-10-07 00:28:33.198686,2026-10-07 00:28:37.215096
fy2026-20261007T001558Z,fy2026,2026-05-20,created_date >= '2026-05-20T00:00:00' AND created_date < '2026-05-21T00:00:00' AND sr_type IN (fixture types),68,68,68,verified,2026-10-07 00:28:37.216097,2026-10-07 00:28:39.173503
fy2026-20261007T001558Z,fy2026,2026-05-21,created_date >= '2026-05-21T00:00:00' AND created_date < '2026-05-22T00:00:00' AND sr_type IN (fixture types),56,56,56,verified,2026-10-07 00:28:39.174691,2026-10-07 00:28:44.322687
fy2026-20261007T001558Z,fy2026,2026-05-22,created_date >= '2026-05-22T00:00:00' AND created_date < '2026-05-23T00:00:00' AND sr_type IN (fixture types),45,45,45,verified,2026-10-07 00:28:44.324686,2026-10-07 00:28:47.938802
fy2026-20261007T001558Z,fy2026,2026-05-23,created_date >= '2026-05-23T00:00:00' AND created_date < '2026-05-24T00:00:00' AND sr_type IN (fixture types),44,44,44,verified,2026-10-07 00:28:47.9398,2026-10-07 00:28:51.80079
fy2026-20261007T001558Z,fy2026,2026-05-24,created_date >= '2026-05-24T00:00:00' AND created_date < '2026-05-25T00:00:00' AND sr_type IN (fixture types),56,56,56,verified,2026-10-07 00:28:51.801789,2026-10-07 00:28:54.339645
fy2026-20261007T001558Z,fy2026,2026-05-25,created_date >= '2026-05-25T00:00:00' AND created_date < '2026-05-26T00:00:00' AND sr_type IN (fixture types),37,37,37,verified,2026-10-07 00:28:54.339645,2026-10-07 00:28:57.216162
fy2026-20261007T001558Z,fy2026,2026-05-26,created_date >= '2026-05-26T00:00:00' AND created_date < '2026-05-27T00:00:00' AND sr_type IN (fixture types),69,69,69,verified,2026-10-07 00:28:57.216162,2026-10-07 00:29:01.989864
fy2026-20261007T001558Z,fy2026,2026-05-27,created_date >= '2026-05-27T00:00:00' AND created_date < '2026-05-28T00:00:00' AND sr_type IN (fixture types),78,78,78,verified,2026-10-07 00:29:01.989864,2026-10-07 00:29:04.14666
fy2026-20261007T001558Z,fy2026,2026-05-28,created_date >= '2026-05-28T00:00:00' AND created_date < '2026-05-29T00:00:00' AND sr_type IN (fixture types),98,98,98,verified,2026-10-07 00:29:04.14666,2026-10-07 00:29:07.196966
fy2026-20261007T001558Z,fy2026,2026-05-29,created_date >= '2026-05-29T00:00:00' AND created_date < '2026-05-30T00:00:00' AND sr_type IN (fixture types),56,56,56,verified,2026-10-07 00:29:07.196966,2026-10-07 00:29:13.456182
fy2026-20261007T001558Z,fy2026,2026-05-30,created_date >= '2026-05-30T00:00:00' AND created_date < '2026-05-31T00:00:00' AND sr_type IN (fixture types),42,42,42,verified,2026-10-07 00:29:13.458183,2026-10-07 00:29:16.953809
fy2026-20261007T001558Z,fy2026,2026-05-31,created_date >= '2026-05-31T00:00:00' AND created_date < '2026-06-01T00:00:00' AND sr_type IN (fixture types),54,54,54,verified,2026-10-07 00:29:16.954815,2026-10-07 00:29:19.377894
fy2026-20261007T001558Z,fy2026,2026-06-01,created_date >= '2026-06-01T00:00:00' AND created_date < '2026-06-02T00:00:00' AND sr_type IN (fixture types),69,69,69,verified,2026-10-07 00:29:19.379814,2026-10-07 00:29:20.594373
fy2026-20261007T001558Z,fy2026,2026-06-02,created_date >= '2026-06-02T00:00:00' AND created_date < '2026-06-03T00:00:00' AND sr_type IN (fixture types),56,56,56,verified,2026-10-07 00:29:20.594373,2026-10-07 00:29:23.795124
fy2026-20261007T001558Z,fy2026,2026-06-03,created_date >= '2026-06-03T00:00:00' AND created_date < '2026-06-04T00:00:00' AND sr_type IN (fixture types),39,39,39,verified,2026-10-07 00:29:23.795124,2026-10-07 00:29:26.367611
fy2026-20261007T001558Z,fy2026,2026-06-04,created_date >= '2026-06-04T00:00:00' AND created_date < '2026-06-05T00:00:00' AND sr_type IN (fixture types),58,58,58,verified,2026-10-07 00:29:26.367611,2026-10-07 00:29:29.328187
fy2026-20261007T001558Z,fy2026,2026-06-05,created_date >= '2026-06-05T00:00:00' AND created_date < '2026-06-06T00:00:00' AND sr_type IN (fixture types),68,68,68,verified,2026-10-07 00:29:29.328187,2026-10-07 00:29:31.627326
fy2026-20261007T001558Z,fy2026,2026-06-06,created_date >= '2026-06-06T00:00:00' AND created_date < '2026-06-07T00:00:00' AND sr_type IN (fixture types),41,41,41,verified,2026-10-07 00:29:31.628326,2026-10-07 00:29:34.407163
fy2026-20261007T001558Z,fy2026,2026-06-07,created_date >= '2026-06-07T00:00:00' AND created_date < '2026-06-08T00:00:00' AND sr_type IN (fixture types),61,61,61,verified,2026-10-07 00:29:34.4082,2026-10-07 00:29:38.26717
fy2026-20261007T001558Z,fy2026,2026-06-08,created_date >= '2026-06-08T00:00:00' AND created_date < '2026-06-09T00:00:00' AND sr_type IN (fixture types),82,82,82,verified,2026-10-07 00:29:38.268172,2026-10-07 00:29:40.816694
fy2026-20261007T001558Z,fy2026,2026-06-09,created_date >= '2026-06-09T00:00:00' AND created_date < '2026-06-10T00:00:00' AND sr_type IN (fixture types),75,75,75,verified,2026-10-07 00:29:40.817695,2026-10-07 00:29:45.745311
fy2026-20261007T001558Z,fy2026,2026-06-10,created_date >= '2026-06-10T00:00:00' AND created_date < '2026-06-11T00:00:00' AND sr_type IN (fixture types),264,264,264,verified,2026-10-07 00:29:45.745311,2026-10-07 00:29:50.077768
fy2026-20261007T001558Z,fy2026,2026-06-11,created_date >= '2026-06-11T00:00:00' AND created_date < '2026-06-12T00:00:00' AND sr_type IN (fixture types),186,186,186,verified,2026-10-07 00:29:50.077768,2026-10-07 00:29:54.883881
fy2026-20261007T001558Z,fy2026,2026-06-12,created_date >= '2026-06-12T00:00:00' AND created_date < '2026-06-13T00:00:00' AND sr_type IN (fixture types),167,167,167,verified,2026-10-07 00:29:54.883881,2026-10-07 00:29:58.194451
fy2026-20261007T001558Z,fy2026,2026-06-13,created_date >= '2026-06-13T00:00:00' AND created_date < '2026-06-14T00:00:00' AND sr_type IN (fixture types),88,88,88,verified,2026-10-07 00:29:58.194451,2026-10-07 00:30:00.683627
fy2026-20261007T001558Z,fy2026,2026-06-14,created_date >= '2026-06-14T00:00:00' AND created_date < '2026-06-15T00:00:00' AND sr_type IN (fixture types),83,83,83,verified,2026-10-07 00:30:00.683627,2026-10-07 00:30:06.770418
fy2026-20261007T001558Z,fy2026,2026-06-15,created_date >= '2026-06-15T00:00:00' AND created_date < '2026-06-16T00:00:00' AND sr_type IN (fixture types),95,95,95,verified,2026-10-07 00:30:06.771396,2026-10-07 00:30:09.957569
fy2026-20261007T001558Z,fy2026,2026-06-16,created_date >= '2026-06-16T00:00:00' AND created_date < '2026-06-17T00:00:00' AND sr_type IN (fixture types),79,79,79,verified,2026-10-07 00:30:09.957569,2026-10-07 00:30:14.241264
fy2026-20261007T001558Z,fy2026,2026-06-17,created_date >= '2026-06-17T00:00:00' AND created_date < '2026-06-18T00:00:00' AND sr_type IN (fixture types),112,112,112,verified,2026-10-07 00:30:14.241264,2026-10-07 00:30:16.841824
fy2026-20261007T001558Z,fy2026,2026-06-18,created_date >= '2026-06-18T00:00:00' AND created_date < '2026-06-19T00:00:00' AND sr_type IN (fixture types),90,90,90,verified,2026-10-07 00:30:16.842795,2026-10-07 00:30:17.539967
fy2026-20261007T001558Z,fy2026,2026-06-19,created_date >= '2026-06-19T00:00:00' AND created_date < '2026-06-20T00:00:00' AND sr_type IN (fixture types),54,54,54,verified,2026-10-07 00:30:17.540966,2026-10-07 00:30:19.357766
fy2026-20261007T001558Z,fy2026,2026-06-20,created_date >= '2026-06-20T00:00:00' AND created_date < '2026-06-21T00:00:00' AND sr_type IN (fixture types),59,59,59,verified,2026-10-07 00:30:19.359436,2026-10-07 00:30:20.738527
fy2026-20261007T001558Z,fy2026,2026-06-21,created_date >= '2026-06-21T00:00:00' AND created_date < '2026-06-22T00:00:00' AND sr_type IN (fixture types),73,73,73,verified,2026-10-07 00:30:20.738527,2026-10-07 00:30:22.461332
fy2026-20261007T001558Z,fy2026,2026-06-22,created_date >= '2026-06-22T00:00:00' AND created_date < '2026-06-23T00:00:00' AND sr_type IN (fixture types),109,109,109,verified,2026-10-07 00:30:22.462915,2026-10-07 00:30:24.245304
fy2026-20261007T001558Z,fy2026,2026-06-23,created_date >= '2026-06-23T00:00:00' AND created_date < '2026-06-24T00:00:00' AND sr_type IN (fixture types),76,76,76,verified,2026-10-07 00:30:24.246306,2026-10-07 00:30:26.321341
fy2026-20261007T001558Z,fy2026,2026-06-24,created_date >= '2026-06-24T00:00:00' AND created_date < '2026-06-25T00:00:00' AND sr_type IN (fixture types),86,86,86,verified,2026-10-07 00:30:26.321341,2026-10-07 00:30:29.809683
fy2026-20261007T001558Z,fy2026,2026-06-25,created_date >= '2026-06-25T00:00:00' AND created_date < '2026-06-26T00:00:00' AND sr_type IN (fixture types),81,81,81,verified,2026-10-07 00:30:29.811682,2026-10-07 00:30:32.323433
fy2026-20261007T001558Z,fy2026,2026-06-26,created_date >= '2026-06-26T00:00:00' AND created_date < '2026-06-27T00:00:00' AND sr_type IN (fixture types),77,77,77,verified,2026-10-07 00:30:32.323433,2026-10-07 00:30:35.784256
fy2026-20261007T001558Z,fy2026,2026-06-27,created_date >= '2026-06-27T00:00:00' AND created_date < '2026-06-28T00:00:00' AND sr_type IN (fixture types),42,42,42,verified,2026-10-07 00:30:35.786778,2026-10-07 00:30:39.252352
fy2026-20261007T001558Z,fy2026,2026-06-28,created_date >= '2026-06-28T00:00:00' AND created_date < '2026-06-29T00:00:00' AND sr_type IN (fixture types),32,32,32,verified,2026-10-07 00:30:39.254354,2026-10-07 00:30:41.281143
fy2026-20261007T001558Z,fy2026,2026-06-29,created_date >= '2026-06-29T00:00:00' AND created_date < '2026-06-30T00:00:00' AND sr_type IN (fixture types),72,72,72,verified,2026-10-07 00:30:41.282625,2026-10-07 00:30:43.410112
fy2026-20261007T001558Z,fy2026,2026-06-30,created_date >= '2026-06-30T00:00:00' AND created_date < '2026-07-01T00:00:00' AND sr_type IN (fixture types),72,72,72,verified,2026-10-07 00:30:43.410112,2026-10-07 00:30:44.641663
fy2026-20261007T001558Z,fy2026,2026-07-01,created_date >= '2026-07-01T00:00:00' AND created_date < '2026-07-02T00:00:00' AND sr_type IN (fixture types),69,69,69,verified,2026-10-07 00:30:44.641663,2026-10-07 00:30:46.536246
fy2026-20261007T001558Z,fy2026,2026-07-02,created_date >= '2026-07-02T00:00:00' AND created_date < '2026-07-03T00:00:00' AND sr_type IN (fixture types),62,62,62,verified,2026-10-07 00:30:46.541216,2026-10-07 00:30:51.221153
fy2026-20261007T001558Z,fy2026,2026-07-03,created_date >= '2026-07-03T00:00:00' AND created_date < '2026-07-04T00:00:00' AND sr_type IN (fixture types),211,211,211,verified,2026-10-07 00:30:51.222512,2026-10-07 00:30:55.310038
fy2026-20261007T001558Z,fy2026,2026-07-04,created_date >= '2026-07-04T00:00:00' AND created_date < '2026-07-05T00:00:00' AND sr_type IN (fixture types),210,210,210,verified,2026-10-07 00:30:55.31104,2026-10-07 00:30:56.148227
fy2026-20261007T001558Z,fy2026,2026-07-05,created_date >= '2026-07-05T00:00:00' AND created_date < '2026-07-06T00:00:00' AND sr_type IN (fixture types),105,105,105,verified,2026-10-07 00:30:56.149227,2026-10-07 00:30:57.138309
fy2026-20261007T001558Z,fy2026,2026-07-06,created_date >= '2026-07-06T00:00:00' AND created_date < '2026-07-07T00:00:00' AND sr_type IN (fixture types),146,146,146,verified,2026-10-07 00:30:57.139309,2026-10-07 00:31:00.763771
fy2026-20261007T001558Z,fy2026,2026-07-07,created_date >= '2026-07-07T00:00:00' AND created_date < '2026-07-08T00:00:00' AND sr_type IN (fixture types),77,77,77,verified,2026-10-07 00:31:00.764803,2026-10-07 00:31:01.897973
fy2026-20261007T001558Z,fy2026,2026-07-08,created_date >= '2026-07-08T00:00:00' AND created_date < '2026-07-09T00:00:00' AND sr_type IN (fixture types),76,76,76,verified,2026-10-07 00:31:01.899973,2026-10-07 00:31:04.549714
fy2026-20261007T001558Z,fy2026,2026-07-09,created_date >= '2026-07-09T00:00:00' AND created_date < '2026-07-10T00:00:00' AND sr_type IN (fixture types),70,70,70,verified,2026-10-07 00:31:04.551952,2026-10-07 00:31:10.610878
fy2026-20261007T001558Z,fy2026,2026-07-10,created_date >= '2026-07-10T00:00:00' AND created_date < '2026-07-11T00:00:00' AND sr_type IN (fixture types),79,79,79,verified,2026-10-07 00:31:10.61323,2026-10-07 00:31:13.234628
fy2026-20261007T001558Z,fy2026,2026-07-11,created_date >= '2026-07-11T00:00:00' AND created_date < '2026-07-12T00:00:00' AND sr_type IN (fixture types),42,42,42,verified,2026-10-07 00:31:13.235628,2026-10-07 00:31:14.655485
fy2026-20261007T001558Z,fy2026,2026-07-12,created_date >= '2026-07-12T00:00:00' AND created_date < '2026-07-13T00:00:00' AND sr_type IN (fixture types),37,37,37,verified,2026-10-07 00:31:14.658117,2026-10-07 00:31:17.057244
fy2026-20261007T001558Z,fy2026,2026-07-13,created_date >= '2026-07-13T00:00:00' AND created_date < '2026-07-14T00:00:00' AND sr_type IN (fixture types),73,73,73,verified,2026-10-07 00:31:17.057244,2026-10-07 00:31:26.656021
fy2026-20261007T001558Z,fy2026,2026-07-14,created_date >= '2026-07-14T00:00:00' AND created_date < '2026-07-15T00:00:00' AND sr_type IN (fixture types),57,57,57,verified,2026-10-07 00:31:26.657024,2026-10-07 00:31:28.998996
fy2026-20261007T001558Z,fy2026,2026-07-15,created_date >= '2026-07-15T00:00:00' AND created_date < '2026-07-16T00:00:00' AND sr_type IN (fixture types),67,67,67,verified,2026-10-07 00:31:28.998996,2026-10-07 00:31:32.095748
fy2026-20261007T001558Z,fy2026,2026-07-16,created_date >= '2026-07-16T00:00:00' AND created_date < '2026-07-17T00:00:00' AND sr_type IN (fixture types),68,68,68,verified,2026-10-07 00:31:32.096753,2026-10-07 00:31:34.054725
fy2026-20261007T001558Z,fy2026,2026-07-17,created_date >= '2026-07-17T00:00:00' AND created_date < '2026-07-18T00:00:00' AND sr_type IN (fixture types),68,68,68,verified,2026-10-07 00:31:34.056728,2026-10-07 00:31:36.989393
fy2026-20261007T001558Z,fy2026,2026-07-18,created_date >= '2026-07-18T00:00:00' AND created_date < '2026-07-19T00:00:00' AND sr_type IN (fixture types),58,58,58,verified,2026-10-07 00:31:36.989393,2026-10-07 00:31:38.606256
fy2026-20261007T001558Z,fy2026,2026-07-19,created_date >= '2026-07-19T00:00:00' AND created_date < '2026-07-20T00:00:00' AND sr_type IN (fixture types),28,28,28,verified,2026-10-07 00:31:38.607256,2026-10-07 00:31:41.072481
fy2026-20261007T001558Z,fy2026,2026-07-20,created_date >= '2026-07-20T00:00:00' AND created_date < '2026-07-21T00:00:00' AND sr_type IN (fixture types),59,59,59,verified,2026-10-07 00:31:41.072481,2026-10-07 00:31:43.381111
fy2026-20261007T001558Z,fy2026,2026-07-21,created_date >= '2026-07-21T00:00:00' AND created_date < '2026-07-22T00:00:00' AND sr_type IN (fixture types),88,88,88,verified,2026-10-07 00:31:43.382915,2026-10-07 00:31:48.643377
fy2026-20261007T001558Z,fy2026,2026-07-22,created_date >= '2026-07-22T00:00:00' AND created_date < '2026-07-23T00:00:00' AND sr_type IN (fixture types),60,60,60,verified,2026-10-07 00:31:48.644379,2026-10-07 00:31:51.276348
fy2026-20261007T001558Z,fy2026,2026-07-23,created_date >= '2026-07-23T00:00:00' AND created_date < '2026-07-24T00:00:00' AND sr_type IN (fixture types),78,78,78,verified,2026-10-07 00:31:51.277416,2026-10-07 00:31:54.871606
fy2026-20261007T001558Z,fy2026,2026-07-24,created_date >= '2026-07-24T00:00:00' AND created_date < '2026-07-25T00:00:00' AND sr_type IN (fixture types),44,44,44,verified,2026-10-07 00:31:54.871606,2026-10-07 00:31:57.574144
fy2026-20261007T001558Z,fy2026,2026-07-25,created_date >= '2026-07-25T00:00:00' AND created_date < '2026-07-26T00:00:00' AND sr_type IN (fixture types),24,24,24,verified,2026-10-07 00:31:57.574292,2026-10-07 00:31:59.581416
fy2026-20261007T001558Z,fy2026,2026-07-26,created_date >= '2026-07-26T00:00:00' AND created_date < '2026-07-27T00:00:00' AND sr_type IN (fixture types),36,36,36,verified,2026-10-07 00:31:59.59704,2026-10-07 00:32:02.321431
fy2026-20261007T001558Z,fy2026,2026-07-27,created_date >= '2026-07-27T00:00:00' AND created_date < '2026-07-28T00:00:00' AND sr_type IN (fixture types),693,693,693,verified,2026-10-07 00:32:02.337059,2026-10-07 00:32:07.788317
fy2026-20261007T001558Z,fy2026,2026-07-28,created_date >= '2026-07-28T00:00:00' AND created_date < '2026-07-29T00:00:00' AND sr_type IN (fixture types),321,321,321,verified,2026-10-07 00:32:07.790302,2026-10-07 00:32:13.289432
fy2026-20261007T001558Z,fy2026,2026-07-29,created_date >= '2026-07-29T00:00:00' AND created_date < '2026-07-30T00:00:00' AND sr_type IN (fixture types),150,150,150,verified,2026-10-07 00:32:13.289432,2026-10-07 00:32:18.092027
fy2026-20261007T001558Z,fy2026,2026-07-30,created_date >= '2026-07-30T00:00:00' AND created_date < '2026-07-31T00:00:00' AND sr_type IN (fixture types),107,107,107,verified,2026-10-07 00:32:18.094169,2026-10-07 00:32:22.800979
fy2026-20261007T001558Z,fy2026,2026-07-31,created_date >= '2026-07-31T00:00:00' AND created_date < '2026-08-01T00:00:00' AND sr_type IN (fixture types),86,86,86,verified,2026-10-07 00:32:22.801979,2026-10-07 00:32:27.4198
fy2026-20261007T001558Z,fy2026,2026-08-01,created_date >= '2026-08-01T00:00:00' AND created_date < '2026-08-02T00:00:00' AND sr_type IN (fixture types),137,137,137,verified,2026-10-07 00:32:27.4198,2026-10-07 00:32:30.438675
fy2026-20261007T001558Z,fy2026,2026-08-02,created_date >= '2026-08-02T00:00:00' AND created_date < '2026-08-03T00:00:00' AND sr_type IN (fixture types),62,62,62,verified,2026-10-07 00:32:30.440746,2026-10-07 00:32:32.67048
fy2026-20261007T001558Z,fy2026,2026-08-03,created_date >= '2026-08-03T00:00:00' AND created_date < '2026-08-04T00:00:00' AND sr_type IN (fixture types),100,100,100,verified,2026-10-07 00:32:32.671004,2026-10-07 00:32:37.125331
fy2026-20261007T001558Z,fy2026,2026-08-04,created_date >= '2026-08-04T00:00:00' AND created_date < '2026-08-05T00:00:00' AND sr_type IN (fixture types),75,75,75,verified,2026-10-07 00:32:37.126622,2026-10-07 00:32:40.137918
fy2026-20261007T001558Z,fy2026,2026-08-05,created_date >= '2026-08-05T00:00:00' AND created_date < '2026-08-06T00:00:00' AND sr_type IN (fixture types),92,92,92,verified,2026-10-07 00:32:40.139073,2026-10-07 00:32:43.742124
fy2026-20261007T001558Z,fy2026,2026-08-06,created_date >= '2026-08-06T00:00:00' AND created_date < '2026-08-07T00:00:00' AND sr_type IN (fixture types),79,79,79,verified,2026-10-07 00:32:43.744116,2026-10-07 00:32:48.601968
fy2026-20261007T001558Z,fy2026,2026-08-07,created_date >= '2026-08-07T00:00:00' AND created_date < '2026-08-08T00:00:00' AND sr_type IN (fixture types),69,69,69,verified,2026-10-07 00:32:48.603968,2026-10-07 00:32:52.721945
fy2026-20261007T001558Z,fy2026,2026-08-08,created_date >= '2026-08-08T00:00:00' AND created_date < '2026-08-09T00:00:00' AND sr_type IN (fixture types),30,30,30,verified,2026-10-07 00:32:52.721945,2026-10-07 00:32:53.868432
fy2026-20261007T001558Z,fy2026,2026-08-09,created_date >= '2026-08-09T00:00:00' AND created_date < '2026-08-10T00:00:00' AND sr_type IN (fixture types),127,127,127,verified,2026-10-07 00:32:53.86975,2026-10-07 00:32:57.539193
fy2026-20261007T001558Z,fy2026,2026-08-10,created_date >= '2026-08-10T00:00:00' AND created_date < '2026-08-11T00:00:00' AND sr_type IN (fixture types),158,158,158,verified,2026-10-07 00:32:57.539193,2026-10-07 00:33:03.824726
fy2026-20261007T001558Z,fy2026,2026-08-11,created_date >= '2026-08-11T00:00:00' AND created_date < '2026-08-12T00:00:00' AND sr_type IN (fixture types),117,117,117,verified,2026-10-07 00:33:03.845353,2026-10-07 00:33:09.97625
fy2026-20261007T001558Z,fy2026,2026-08-12,created_date >= '2026-08-12T00:00:00' AND created_date < '2026-08-13T00:00:00' AND sr_type IN (fixture types),105,105,105,verified,2026-10-07 00:33:09.976792,2026-10-07 00:33:12.684178
fy2026-20261007T001558Z,fy2026,2026-08-13,created_date >= '2026-08-13T00:00:00' AND created_date < '2026-08-14T00:00:00' AND sr_type IN (fixture types),90,90,90,verified,2026-10-07 00:33:12.686314,2026-10-07 00:33:15.707228
fy2026-20261007T001558Z,fy2026,2026-08-14,created_date >= '2026-08-14T00:00:00' AND created_date < '2026-08-15T00:00:00' AND sr_type IN (fixture types),62,62,62,verified,2026-10-07 00:33:15.717731,2026-10-07 00:33:18.959425
fy2026-20261007T001558Z,fy2026,2026-08-15,created_date >= '2026-08-15T00:00:00' AND created_date < '2026-08-16T00:00:00' AND sr_type IN (fixture types),41,41,41,verified,2026-10-07 00:33:18.960417,2026-10-07 00:33:21.093395
fy2026-20261007T001558Z,fy2026,2026-08-16,created_date >= '2026-08-16T00:00:00' AND created_date < '2026-08-17T00:00:00' AND sr_type IN (fixture types),25,25,25,verified,2026-10-07 00:33:21.094397,2026-10-07 00:33:23.430572
fy2026-20261007T001558Z,fy2026,2026-08-17,created_date >= '2026-08-17T00:00:00' AND created_date < '2026-08-18T00:00:00' AND sr_type IN (fixture types),85,85,85,verified,2026-10-07 00:33:23.431573,2026-10-07 00:33:26.621229
fy2026-20261007T001558Z,fy2026,2026-08-18,created_date >= '2026-08-18T00:00:00' AND created_date < '2026-08-19T00:00:00' AND sr_type IN (fixture types),71,71,71,verified,2026-10-07 00:33:26.622231,2026-10-07 00:33:31.617712
fy2026-20261007T001558Z,fy2026,2026-08-19,created_date >= '2026-08-19T00:00:00' AND created_date < '2026-08-20T00:00:00' AND sr_type IN (fixture types),101,101,101,verified,2026-10-07 00:33:31.617712,2026-10-07 00:33:34.539366
fy2026-20261007T001558Z,fy2026,2026-08-20,created_date >= '2026-08-20T00:00:00' AND created_date < '2026-08-21T00:00:00' AND sr_type IN (fixture types),54,54,54,verified,2026-10-07 00:33:34.540802,2026-10-07 00:33:38.823316
fy2026-20261007T001558Z,fy2026,2026-08-21,created_date >= '2026-08-21T00:00:00' AND created_date < '2026-08-22T00:00:00' AND sr_type IN (fixture types),49,49,49,verified,2026-10-07 00:33:38.824314,2026-10-07 00:33:43.39712
fy2026-20261007T001558Z,fy2026,2026-08-22,created_date >= '2026-08-22T00:00:00' AND created_date < '2026-08-23T00:00:00' AND sr_type IN (fixture types),40,40,40,verified,2026-10-07 00:33:43.39812,2026-10-07 00:33:44.766731
fy2026-20261007T001558Z,fy2026,2026-08-23,created_date >= '2026-08-23T00:00:00' AND created_date < '2026-08-24T00:00:00' AND sr_type IN (fixture types),42,42,42,verified,2026-10-07 00:33:44.766731,2026-10-07 00:33:47.423052
fy2026-20261007T001558Z,fy2026,2026-08-24,created_date >= '2026-08-24T00:00:00' AND created_date < '2026-08-25T00:00:00' AND sr_type IN (fixture types),57,57,57,verified,2026-10-07 00:33:47.432533,2026-10-07 00:33:49.684438
fy2026-20261007T001558Z,fy2026,2026-08-25,created_date >= '2026-08-25T00:00:00' AND created_date < '2026-08-26T00:00:00' AND sr_type IN (fixture types),55,55,55,verified,2026-10-07 00:33:49.685437,2026-10-07 00:33:54.083523
fy2026-20261007T001558Z,fy2026,2026-08-26,created_date >= '2026-08-26T00:00:00' AND created_date < '2026-08-27T00:00:00' AND sr_type IN (fixture types),48,48,48,verified,2026-10-07 00:33:54.167684,2026-10-07 00:33:57.167322
fy2026-20261007T001558Z,fy2026,2026-08-27,created_date >= '2026-08-27T00:00:00' AND created_date < '2026-08-28T00:00:00' AND sr_type IN (fixture types),57,57,57,verified,2026-10-07 00:33:57.217395,2026-10-07 00:33:59.59963
fy2026-20261007T001558Z,fy2026,2026-08-28,created_date >= '2026-08-28T00:00:00' AND created_date < '2026-08-29T00:00:00' AND sr_type IN (fixture types),45,45,45,verified,2026-10-07 00:33:59.601152,2026-10-07 00:34:01.872437
fy2026-20261007T001558Z,fy2026,2026-08-29,created_date >= '2026-08-29T00:00:00' AND created_date < '2026-08-30T00:00:00' AND sr_type IN (fixture types),40,40,40,verified,2026-10-07 00:34:01.949818,2026-10-07 00:34:05.108183
fy2026-20261007T001558Z,fy2026,2026-08-30,created_date >= '2026-08-30T00:00:00' AND created_date < '2026-08-31T00:00:00' AND sr_type IN (fixture types),49,49,49,verified,2026-10-07 00:34:05.171644,2026-10-07 00:34:07.723002
fy2026-20261007T001558Z,fy2026,2026-08-31,created_date >= '2026-08-31T00:00:00' AND created_date < '2026-09-01T00:00:00' AND sr_type IN (fixture types),74,74,74,verified,2026-10-07 00:34:07.822196,2026-10-07 00:34:12.763719
fy2026-20261007T001558Z,fy2026,2026-09-01,created_date >= '2026-09-01T00:00:00' AND created_date < '2026-09-02T00:00:00' AND sr_type IN (fixture types),65,65,65,verified,2026-10-07 00:34:12.821339,2026-10-07 00:34:15.662141
fy2026-20261007T001558Z,fy2026,2026-09-02,created_date >= '2026-09-02T00:00:00' AND created_date < '2026-09-03T00:00:00' AND sr_type IN (fixture types),61,61,61,verified,2026-10-07 00:34:15.727403,2026-10-07 00:34:17.468446
fy2026-20261007T001558Z,fy2026,2026-09-03,created_date >= '2026-09-03T00:00:00' AND created_date < '2026-09-04T00:00:00' AND sr_type IN (fixture types),68,68,68,verified,2026-10-07 00:34:17.468446,2026-10-07 00:34:20.129136
fy2026-20261007T001558Z,fy2026,2026-09-04,created_date >= '2026-09-04T00:00:00' AND created_date < '2026-09-05T00:00:00' AND sr_type IN (fixture types),55,55,55,verified,2026-10-07 00:34:20.2274,2026-10-07 00:34:23.95459
fy2026-20261007T001558Z,fy2026,2026-09-05,created_date >= '2026-09-05T00:00:00' AND created_date < '2026-09-06T00:00:00' AND sr_type IN (fixture types),51,51,51,verified,2026-10-07 00:34:23.955592,2026-10-07 00:34:25.815903
fy2026-20261007T001558Z,fy2026,2026-09-06,created_date >= '2026-09-06T00:00:00' AND created_date < '2026-09-07T00:00:00' AND sr_type IN (fixture types),49,49,49,verified,2026-10-07 00:34:25.838739,2026-10-07 00:34:28.77089
fy2026-20261007T001558Z,fy2026,2026-09-07,created_date >= '2026-09-07T00:00:00' AND created_date < '2026-09-08T00:00:00' AND sr_type IN (fixture types),37,37,37,verified,2026-10-07 00:34:28.844037,2026-10-07 00:34:31.401247
fy2026-20261007T001558Z,fy2026,2026-09-08,created_date >= '2026-09-08T00:00:00' AND created_date < '2026-09-09T00:00:00' AND sr_type IN (fixture types),77,77,77,verified,2026-10-07 00:34:31.513903,2026-10-07 00:34:36.508941
fy2026-20261007T001558Z,fy2026,2026-09-09,created_date >= '2026-09-09T00:00:00' AND created_date < '2026-09-10T00:00:00' AND sr_type IN (fixture types),62,62,62,verified,2026-10-07 00:34:36.559044,2026-10-07 00:34:38.706647
fy2026-20261007T001558Z,fy2026,2026-09-10,created_date >= '2026-09-10T00:00:00' AND created_date < '2026-09-11T00:00:00' AND sr_type IN (fixture types),78,78,78,verified,2026-10-07 00:34:38.78224,2026-10-07 00:34:42.498652
fy2026-20261007T001558Z,fy2026,2026-09-11,created_date >= '2026-09-11T00:00:00' AND created_date < '2026-09-12T00:00:00' AND sr_type IN (fixture types),56,56,56,verified,2026-10-07 00:34:42.56651,2026-10-07 00:34:46.029569
fy2026-20261007T001558Z,fy2026,2026-09-12,created_date >= '2026-09-12T00:00:00' AND created_date < '2026-09-13T00:00:00' AND sr_type IN (fixture types),26,26,26,verified,2026-10-07 00:34:46.080418,2026-10-07 00:34:49.746837
fy2026-20261007T001558Z,fy2026,2026-09-13,created_date >= '2026-09-13T00:00:00' AND created_date < '2026-09-14T00:00:00' AND sr_type IN (fixture types),43,43,43,verified,2026-10-07 00:34:49.8161,2026-10-07 00:34:52.548212
fy2026-20261007T001558Z,fy2026,2026-09-14,created_date >= '2026-09-14T00:00:00' AND created_date < '2026-09-15T00:00:00' AND sr_type IN (fixture types),68,68,68,verified,2026-10-07 00:34:52.549212,2026-10-07 00:34:59.263134
fy2026-20261007T001558Z,fy2026,2026-09-15,created_date >= '2026-09-15T00:00:00' AND created_date < '2026-09-16T00:00:00' AND sr_type IN (fixture types),74,74,74,verified,2026-10-07 00:34:59.263134,2026-10-07 00:35:03.938907
fy2026-20261007T001558Z,fy2026,2026-09-16,created_date >= '2026-09-16T00:00:00' AND created_date < '2026-09-17T00:00:00' AND sr_type IN (fixture types),80,80,80,verified,2026-10-07 00:35:04.029086,2026-10-07 00:35:09.026073
fy2026-20261007T001558Z,fy2026,2026-09-17,created_date >= '2026-09-17T00:00:00' AND created_date < '2026-09-18T00:00:00' AND sr_type IN (fixture types),138,138,138,verified,2026-10-07 00:35:09.064139,2026-10-07 00:35:14.0739
fy2026-20261007T001558Z,fy2026,2026-09-18,created_date >= '2026-09-18T00:00:00' AND created_date < '2026-09-19T00:00:00' AND sr_type IN (fixture types),69,69,69,verified,2026-10-07 00:35:14.084899,2026-10-07 00:35:18.420533
fy2026-20261007T001558Z,fy2026,2026-09-19,created_date >= '2026-09-19T00:00:00' AND created_date < '2026-09-20T00:00:00' AND sr_type IN (fixture types),56,56,56,verified,2026-10-07 00:35:18.437461,2026-10-07 00:35:23.181273
fy2026-20261007T001558Z,fy2026,2026-09-20,created_date >= '2026-09-20T00:00:00' AND created_date < '2026-09-21T00:00:00' AND sr_type IN (fixture types),126,126,126,verified,2026-10-07 00:35:23.182301,2026-10-07 00:35:26.633205
fy2026-20261007T001558Z,fy2026,2026-09-21,created_date >= '2026-09-21T00:00:00' AND created_date < '2026-09-22T00:00:00' AND sr_type IN (fixture types),106,106,106,verified,2026-10-07 00:35:26.634205,2026-10-07 00:35:34.195177
fy2026-20261007T001558Z,fy2026,2026-09-22,created_date >= '2026-09-22T00:00:00' AND created_date < '2026-09-23T00:00:00' AND sr_type IN (fixture types),66,66,66,verified,2026-10-07 00:35:34.196179,2026-10-07 00:35:39.538307
fy2026-20261007T001558Z,fy2026,2026-09-23,created_date >= '2026-09-23T00:00:00' AND created_date < '2026-09-24T00:00:00' AND sr_type IN (fixture types),71,71,71,verified,2026-10-07 00:35:39.539309,2026-10-07 00:35:52.434731
fy2026-20261007T001558Z,fy2026,2026-09-24,created_date >= '2026-09-24T00:00:00' AND created_date < '2026-09-25T00:00:00' AND sr_type IN (fixture types),60,60,60,verified,2026-10-07 00:35:52.435728,2026-10-07 00:36:10.880239
fy2026-20261007T001558Z,fy2026,2026-09-25,created_date >= '2026-09-25T00:00:00' AND created_date < '2026-09-26T00:00:00' AND sr_type IN (fixture types),63,63,63,verified,2026-10-07 00:36:10.880239,2026-10-07 00:36:40.924781
fy2026-20261007T001558Z,fy2026,2026-09-26,created_date >= '2026-09-26T00:00:00' AND created_date < '2026-09-27T00:00:00' AND sr_type IN (fixture types),29,29,29,verified,2026-10-07 00:36:40.926779,2026-10-07 00:36:55.047309
fy2026-20261007T001558Z,fy2026,2026-09-27,created_date >= '2026-09-27T00:00:00' AND created_date < '2026-09-28T00:00:00' AND sr_type IN (fixture types),37,37,37,verified,2026-10-07 00:36:55.049309,2026-10-07 00:37:08.574348
fy2026-20261007T001558Z,fy2026,2026-09-28,created_date >= '2026-09-28T00:00:00' AND created_date < '2026-09-29T00:00:00' AND sr_type IN (fixture types),72,72,72,verified,2026-10-07 00:37:08.58962,2026-10-07 00:37:29.119498
fy2026-20261007T001558Z,fy2026,2026-09-29,created_date >= '2026-09-29T00:00:00' AND created_date < '2026-09-30T00:00:00' AND sr_type IN (fixture types),57,57,57,verified,2026-10-07 00:37:29.122142,2026-10-07 00:37:56.088281
fy2026-20261007T001558Z,fy2026,2026-09-30,created_date >= '2026-09-30T00:00:00' AND created_date < '2026-10-01T00:00:00' AND sr_type IN (fixture types),48,48,48,verified,2026-10-07 00:37:56.088281,2026-10-07 00:38:00.88803
fy2026-last30d-20261007T003815Z,fy2026-last30d,2026-09-01,created_date >= '2026-09-01T00:00:00' AND created_date < '2026-09-02T00:00:00' AND sr_type IN (fixture types),65,65,65,verified,2026-10-07 00:38:15.829925,2026-10-07 00:38:30.600291
fy2026-last30d-20261007T003815Z,fy2026-last30d,2026-09-02,created_date >= '2026-09-02T00:00:00' AND created_date < '2026-09-03T00:00:00' AND sr_type IN (fixture types),61,61,61,verified,2026-10-07 00:38:30.603397,2026-10-07 00:38:36.986615
fy2026-last30d-20261007T003815Z,fy2026-last30d,2026-09-03,created_date >= '2026-09-03T00:00:00' AND created_date < '2026-09-04T00:00:00' AND sr_type IN (fixture types),68,68,68,verified,2026-10-07 00:38:36.987613,2026-10-07 00:38:37.858946
fy2026-last30d-20261007T003815Z,fy2026-last30d,2026-09-04,created_date >= '2026-09-04T00:00:00' AND created_date < '2026-09-05T00:00:00' AND sr_type IN (fixture types),55,55,55,verified,2026-10-07 00:38:37.858946,2026-10-07 00:38:47.897445
fy2026-last30d-20261007T003815Z,fy2026-last30d,2026-09-05,created_date >= '2026-09-05T00:00:00' AND created_date < '2026-09-06T00:00:00' AND sr_type IN (fixture types),51,51,51,verified,2026-10-07 00:38:47.899443,2026-10-07 00:38:49.351723
fy2026-last30d-20261007T003815Z,fy2026-last30d,2026-09-06,created_date >= '2026-09-06T00:00:00' AND created_date < '2026-09-07T00:00:00' AND sr_type IN (fixture types),49,49,49,verified,2026-10-07 00:38:49.352726,2026-10-07 00:38:53.080743
fy2026-last30d-20261007T003815Z,fy2026-last30d,2026-09-07,created_date >= '2026-09-07T00:00:00' AND created_date < '2026-09-08T00:00:00' AND sr_type IN (fixture types),37,37,37,verified,2026-10-07 00:38:53.081742,2026-10-07 00:38:55.873581
fy2026-last30d-20261007T003815Z,fy2026-last30d,2026-09-08,created_date >= '2026-09-08T00:00:00' AND created_date < '2026-09-09T00:00:00' AND sr_type IN (fixture types),77,77,77,verified,2026-10-07 00:38:55.884538,2026-10-07 00:39:01.802211
fy2026-last30d-20261007T003815Z,fy2026-last30d,2026-09-09,created_date >= '2026-09-09T00:00:00' AND created_date < '2026-09-10T00:00:00' AND sr_type IN (fixture types),62,62,62,verified,2026-10-07 00:39:01.802211,2026-10-07 00:39:08.183133
fy2026-last30d-20261007T003815Z,fy2026-last30d,2026-09-10,created_date >= '2026-09-10T00:00:00' AND created_date < '2026-09-11T00:00:00' AND sr_type IN (fixture types),78,78,78,verified,2026-10-07 00:39:08.184075,2026-10-07 00:39:13.767011
fy2026-last30d-20261007T003815Z,fy2026-last30d,2026-09-11,created_date >= '2026-09-11T00:00:00' AND created_date < '2026-09-12T00:00:00' AND sr_type IN (fixture types),56,56,56,verified,2026-10-07 00:39:13.768735,2026-10-07 00:39:22.830342
fy2026-last30d-20261007T003815Z,fy2026-last30d,2026-09-12,created_date >= '2026-09-12T00:00:00' AND created_date < '2026-09-13T00:00:00' AND sr_type IN (fixture types),26,26,26,verified,2026-10-07 00:39:22.832341,2026-10-07 00:39:24.125391
fy2026-last30d-20261007T003815Z,fy2026-last30d,2026-09-13,created_date >= '2026-09-13T00:00:00' AND created_date < '2026-09-14T00:00:00' AND sr_type IN (fixture types),43,43,43,verified,2026-10-07 00:39:24.127391,2026-10-07 00:39:35.685085
fy2026-last30d-20261007T003815Z,fy2026-last30d,2026-09-14,created_date >= '2026-09-14T00:00:00' AND created_date < '2026-09-15T00:00:00' AND sr_type IN (fixture types),68,68,68,verified,2026-10-07 00:39:35.685085,2026-10-07 00:39:44.084425
fy2026-last30d-20261007T003815Z,fy2026-last30d,2026-09-15,created_date >= '2026-09-15T00:00:00' AND created_date < '2026-09-16T00:00:00' AND sr_type IN (fixture types),74,74,74,verified,2026-10-07 00:39:44.085426,2026-10-07 00:39:58.995465
fy2026-last30d-20261007T003815Z,fy2026-last30d,2026-09-16,created_date >= '2026-09-16T00:00:00' AND created_date < '2026-09-17T00:00:00' AND sr_type IN (fixture types),80,80,80,verified,2026-10-07 00:39:58.997493,2026-10-07 00:40:08.950521
fy2026-last30d-20261007T003815Z,fy2026-last30d,2026-09-17,created_date >= '2026-09-17T00:00:00' AND created_date < '2026-09-18T00:00:00' AND sr_type IN (fixture types),138,138,138,verified,2026-10-07 00:40:08.964445,2026-10-07 00:40:09.748199
fy2026-last30d-20261007T003815Z,fy2026-last30d,2026-09-18,created_date >= '2026-09-18T00:00:00' AND created_date < '2026-09-19T00:00:00' AND sr_type IN (fixture types),69,69,69,verified,2026-10-07 00:40:09.748199,2026-10-07 00:40:24.995607
fy2026-last30d-20261007T003815Z,fy2026-last30d,2026-09-19,created_date >= '2026-09-19T00:00:00' AND created_date < '2026-09-20T00:00:00' AND sr_type IN (fixture types),56,56,56,verified,2026-10-07 00:40:24.995607,2026-10-07 00:40:36.125749
fy2026-last30d-20261007T003815Z,fy2026-last30d,2026-09-20,created_date >= '2026-09-20T00:00:00' AND created_date < '2026-09-21T00:00:00' AND sr_type IN (fixture types),126,126,126,verified,2026-10-07 00:40:36.12775,2026-10-07 00:40:37.913223
fy2026-last30d-20261007T003815Z,fy2026-last30d,2026-09-21,created_date >= '2026-09-21T00:00:00' AND created_date < '2026-09-22T00:00:00' AND sr_type IN (fixture types),106,106,106,verified,2026-10-07 00:40:37.913223,2026-10-07 00:41:03.409198
fy2026-last30d-20261007T003815Z,fy2026-last30d,2026-09-22,created_date >= '2026-09-22T00:00:00' AND created_date < '2026-09-23T00:00:00' AND sr_type IN (fixture types),66,66,66,verified,2026-10-07 00:41:03.410199,2026-10-07 00:41:04.963642
fy2026-last30d-20261007T003815Z,fy2026-last30d,2026-09-23,created_date >= '2026-09-23T00:00:00' AND created_date < '2026-09-24T00:00:00' AND sr_type IN (fixture types),71,71,71,verified,2026-10-07 00:41:04.964644,2026-10-07 00:41:25.780856
fy2026-last30d-20261007T003815Z,fy2026-last30d,2026-09-24,created_date >= '2026-09-24T00:00:00' AND created_date < '2026-09-25T00:00:00' AND sr_type IN (fixture types),60,60,60,verified,2026-10-07 00:41:25.783856,2026-10-07 00:41:41.278891
fy2026-last30d-20261007T003815Z,fy2026-last30d,2026-09-25,created_date >= '2026-09-25T00:00:00' AND created_date < '2026-09-26T00:00:00' AND sr_type IN (fixture types),63,63,63,verified,2026-10-07 00:41:41.280891,2026-10-07 00:42:08.010513
fy2026-last30d-20261007T003815Z,fy2026-last30d,2026-09-26,created_date >= '2026-09-26T00:00:00' AND created_date < '2026-09-27T00:00:00' AND sr_type IN (fixture types),29,29,29,verified,2026-10-07 00:42:08.012282,2026-10-07 00:42:27.679639
fy2026-last30d-20261007T003815Z,fy2026-last30d,2026-09-27,created_date >= '2026-09-27T00:00:00' AND created_date < '2026-09-28T00:00:00' AND sr_type IN (fixture types),37,37,37,verified,2026-10-07 00:42:27.681213,2026-10-07 00:42:46.662169
fy2026-last30d-20261007T003815Z,fy2026-last30d,2026-09-28,created_date >= '2026-09-28T00:00:00' AND created_date < '2026-09-29T00:00:00' AND sr_type IN (fixture types),72,72,72,verified,2026-10-07 00:42:46.664326,2026-10-07 00:42:48.565887
fy2026-last30d-20261007T003815Z,fy2026-last30d,2026-09-29,created_date >= '2026-09-29T00:00:00' AND created_date < '2026-09-30T00:00:00' AND sr_type IN (fixture types),57,57,57,verified,2026-10-07 00:42:48.568247,2026-10-07 00:43:13.684547
fy2026-last30d-20261007T003815Z,fy2026-last30d,2026-09-30,created_date >= '2026-09-30T00:00:00' AND created_date < '2026-10-01T00:00:00' AND sr_type IN (fixture types),48,48,48,verified,2026-10-07 00:43:13.685549,2026-10-07 00:43:43.474916
