sr_number,found,sr_type,created_date,looked_up_at
SR24-01436601,false,,,2026-10-07 00:43:44.52888
SR25-00136525,true,Water in Basement Complaint,2025-01-27 08:40:47,2026-10-07 00:43:44.52888
SR25-00145601,true,Check for Leak,2025-01-28 13:47:13,2026-10-07 00:43:44.52888
SR25-00885008,true,Pothole in Street Complaint,2025-05-27 17:55:20,2026-10-07 00:43:44.52888
SR25-01246431,false,,,2026-10-07 00:43:44.52888
SR25-01280010,true,Check for Leak,2025-07-22 15:21:01,2026-10-07 00:43:44.52888
SR25-01287052,true,Sewer Cleaning Inspection Request,2025-07-23 12:00:59,2026-10-07 00:43:44.52888
SR25-01305865,false,,,2026-10-07 00:43:44.52888
SR25-01326867,false,,,2026-10-07 00:43:44.52888
SR25-01331017,false,,,2026-10-07 00:43:44.52888
SR25-01418304,false,,,2026-10-07 00:43:44.52888
SR25-01462863,true,Alley Sewer Inspection Request,2025-08-14 15:54:48,2026-10-07 00:43:44.52888
SR25-01486769,true,Sewer Cleaning Inspection Request,2025-08-18 06:41:12,2026-10-07 00:43:44.52888
SR25-01504930,false,,,2026-10-07 00:43:44.52888
SR25-01552107,false,,,2026-10-07 00:43:44.52888
SR25-01567803,false,,,2026-10-07 00:43:44.52888
SR25-01657831,false,,,2026-10-07 00:43:44.52888
SR25-01699845,false,,,2026-10-07 00:43:44.52888
SR25-01737675,false,,,2026-10-07 00:43:44.52888
SR25-01752690,false,,,2026-10-07 00:43:44.52888
SR25-01771629,true,Check for Leak,2025-09-26 14:33:12,2026-10-07 00:43:44.52888
SR25-01784205,true,Check for Leak,2025-09-29 08:58:06,2026-10-07 00:43:44.52888
SR25-01784610,true,Inspect Public Way Request,2025-09-29 09:37:31,2026-10-07 00:43:44.52888
SR25-01809801,false,,,2026-10-07 00:43:44.52888
SR25-01811032,false,,,2026-10-07 00:43:44.52888
SR25-01858695,false,,,2026-10-07 00:43:44.52888
SR25-01898022,false,,,2026-10-07 00:43:44.52888
SR25-01905008,false,,,2026-10-07 00:43:44.52888
SR25-01957170,false,,,2026-10-07 00:43:44.52888
SR25-02005841,false,,,2026-10-07 00:43:44.52888
SR25-02042133,false,,,2026-10-07 00:43:44.52888
SR25-02055068,false,,,2026-10-07 00:43:44.52888
SR25-02101709,false,,,2026-10-07 00:43:44.52888
SR25-02115036,false,,,2026-10-07 00:43:44.52888
SR25-02123112,false,,,2026-10-07 00:43:44.52888
SR25-02147579,false,,,2026-10-07 00:43:44.52888
SR25-02147600,false,,,2026-10-07 00:43:44.52888
SR25-02166994,false,,,2026-10-07 00:43:44.52888
SR25-02205713,false,,,2026-10-07 00:43:44.52888
SR25-02220826,false,,,2026-10-07 00:43:44.52888
SR25-02228662,false,,,2026-10-07 00:43:44.52888
SR25-02264609,false,,,2026-10-07 00:43:44.52888
SR25-02274919,false,,,2026-10-07 00:43:44.52888
SR25-02274927,false,,,2026-10-07 00:43:44.52888
SR25-02307635,false,,,2026-10-07 00:43:44.52888
SR25-02314263,false,,,2026-10-07 00:43:44.52888
SR25-02314542,false,,,2026-10-07 00:43:44.52888
SR25-02321985,false,,,2026-10-07 00:43:44.52888
SR25-02324287,false,,,2026-10-07 00:43:44.52888
SR25-02338953,false,,,2026-10-07 00:43:44.52888
SR25-02345053,false,,,2026-10-07 00:43:44.52888
SR25-02345084,false,,,2026-10-07 00:43:44.52888
SR25-02348615,false,,,2026-10-07 00:43:44.52888
SR25-02362744,false,,,2026-10-07 00:43:44.52888
SR26-00028130,false,,,2026-10-07 00:43:44.52888
SR26-00034347,false,,,2026-10-07 00:43:44.52888
SR26-00057316,false,,,2026-10-07 00:43:44.52888
SR26-00058500,false,,,2026-10-07 00:43:44.52888
SR26-00067327,false,,,2026-10-07 00:43:44.52888
SR26-00083455,false,,,2026-10-07 00:43:44.52888
SR26-00091046,false,,,2026-10-07 00:43:44.52888
SR26-00101229,false,,,2026-10-07 00:43:44.52888
SR26-00101259,false,,,2026-10-07 00:43:44.52888
SR26-00124101,false,,,2026-10-07 00:43:44.52888
SR26-00144994,false,,,2026-10-07 00:43:44.52888
SR26-00150025,false,,,2026-10-07 00:43:44.52888
SR26-00150804,false,,,2026-10-07 00:43:44.52888
SR26-00152580,false,,,2026-10-07 00:43:44.52888
SR26-00163929,false,,,2026-10-07 00:43:44.52888
SR26-00168555,false,,,2026-10-07 00:43:44.52888
SR26-00174426,false,,,2026-10-07 00:43:44.52888
SR26-00185724,false,,,2026-10-07 00:43:44.52888
SR26-00197148,false,,,2026-10-07 00:43:44.52888
SR26-00201299,false,,,2026-10-07 00:43:44.52888
SR26-00202264,false,,,2026-10-07 00:43:44.52888
SR26-00205137,false,,,2026-10-07 00:43:44.52888
SR26-00205467,false,,,2026-10-07 00:43:44.52888
SR26-00206089,false,,,2026-10-07 00:43:44.52888
SR26-00207855,false,,,2026-10-07 00:43:44.52888
SR26-00217024,false,,,2026-10-07 00:43:44.52888
SR26-00219616,false,,,2026-10-07 00:43:44.52888
SR26-00241038,false,,,2026-10-07 00:43:44.52888
SR26-00242710,false,,,2026-10-07 00:43:44.52888
SR26-00282470,false,,,2026-10-07 00:43:44.52888
SR26-00299855,false,,,2026-10-07 00:43:44.52888
SR26-00334322,false,,,2026-10-07 00:43:44.52888
SR26-00335857,false,,,2026-10-07 00:43:44.52888
SR26-00347608,false,,,2026-10-07 00:43:44.52888
SR26-00358743,false,,,2026-10-07 00:43:44.52888
SR26-00375251,false,,,2026-10-07 00:43:44.52888
SR26-00384622,false,,,2026-10-07 00:43:44.52888
SR26-00435371,false,,,2026-10-07 00:43:44.52888
SR26-00436549,false,,,2026-10-07 00:43:44.52888
SR26-00450768,false,,,2026-10-07 00:43:44.52888
SR26-00487794,false,,,2026-10-07 00:43:44.52888
SR26-00517632,false,,,2026-10-07 00:43:44.52888
SR26-00539008,false,,,2026-10-07 00:43:44.52888
SR26-00541837,false,,,2026-10-07 00:43:44.52888
SR26-00563113,false,,,2026-10-07 00:43:44.52888
SR26-00574847,false,,,2026-10-07 00:43:44.52888
SR26-00587476,false,,,2026-10-07 00:43:44.52888
SR26-00597846,false,,,2026-10-07 00:43:44.52888
SR26-00598624,false,,,2026-10-07 00:43:44.52888
SR26-00640646,false,,,2026-10-07 00:43:44.52888
SR26-00642164,false,,,2026-10-07 00:43:44.52888
SR26-00705419,false,,,2026-10-07 00:43:44.52888
SR26-00722975,false,,,2026-10-07 00:43:44.52888
SR26-00724528,false,,,2026-10-07 00:43:44.52888
SR26-00736716,false,,,2026-10-07 00:43:44.52888
SR26-00756032,false,,,2026-10-07 00:43:44.52888
SR26-00774771,false,,,2026-10-07 00:43:44.52888
SR26-00777566,false,,,2026-10-07 00:43:44.52888
SR26-00777744,false,,,2026-10-07 00:43:44.52888
SR26-00803817,false,,,2026-10-07 00:43:44.52888
SR26-00846132,false,,,2026-10-07 00:43:44.52888
SR26-00846628,false,,,2026-10-07 00:43:44.52888
SR26-00855054,false,,,2026-10-07 00:43:44.52888
SR26-00859738,false,,,2026-10-07 00:43:44.52888
SR26-00965646,false,,,2026-10-07 00:43:44.52888
SR26-00984668,false,,,2026-10-07 00:43:44.52888
SR26-01013143,false,,,2026-10-07 00:43:44.52888
SR26-01013384,false,,,2026-10-07 00:43:44.52888
SR26-01045498,false,,,2026-10-07 00:43:44.52888
SR26-01094758,false,,,2026-10-07 00:43:44.52888
SR26-01098420,false,,,2026-10-07 00:43:44.52888
SR26-01100600,false,,,2026-10-07 00:43:44.52888
SR26-01118923,false,,,2026-10-07 00:43:44.52888
SR26-01155541,false,,,2026-10-07 00:43:44.52888
SR26-01216451,false,,,2026-10-07 00:43:44.52888
SR26-01229314,false,,,2026-10-07 00:43:44.52888
SR26-01292293,false,,,2026-10-07 00:43:44.52888
SR26-01361018,false,,,2026-10-07 00:43:44.52888
SR26-01364324,false,,,2026-10-07 00:43:44.52888
SR26-01436466,false,,,2026-10-07 00:43:44.52888
SR26-01447788,false,,,2026-10-07 00:43:44.52888
SR26-01503714,false,,,2026-10-07 00:43:44.52888
SR26-01568761,false,,,2026-10-07 00:43:44.52888
SR26-01579747,false,,,2026-10-07 00:43:44.52888
SR26-01603067,false,,,2026-10-07 00:43:44.52888
SR26-01615299,false,,,2026-10-07 00:43:44.52888
SR26-01701130,false,,,2026-10-07 00:43:44.52888
SR26-01846716,false,,,2026-10-07 00:43:44.52888
SR26-01904513,false,,,2026-10-07 00:43:44.52888
SR26-01980728,false,,,2026-10-07 00:43:44.52888
