calendar_date,fiscal_year,fiscal_quarter,fiscal_month,month_start,week_start,week_end,day_of_week
2024-10-01,2025,1,1,2024-10-01,2024-09-30,2024-10-06,2
2024-10-02,2025,1,1,2024-10-01,2024-09-30,2024-10-06,3
2024-10-03,2025,1,1,2024-10-01,2024-09-30,2024-10-06,4
2024-10-04,2025,1,1,2024-10-01,2024-09-30,2024-10-06,5
2024-10-05,2025,1,1,2024-10-01,2024-09-30,2024-10-06,6
2024-10-06,2025,1,1,2024-10-01,2024-09-30,2024-10-06,7
2024-10-07,2025,1,1,2024-10-01,2024-10-07,2024-10-13,1
2024-10-08,2025,1,1,2024-10-01,2024-10-07,2024-10-13,2
2024-10-09,2025,1,1,2024-10-01,2024-10-07,2024-10-13,3
2024-10-10,2025,1,1,2024-10-01,2024-10-07,2024-10-13,4
2024-10-11,2025,1,1,2024-10-01,2024-10-07,2024-10-13,5
2024-10-12,2025,1,1,2024-10-01,2024-10-07,2024-10-13,6
2024-10-13,2025,1,1,2024-10-01,2024-10-07,2024-10-13,7
2024-10-14,2025,1,1,2024-10-01,2024-10-14,2024-10-20,1
2024-10-15,2025,1,1,2024-10-01,2024-10-14,2024-10-20,2
2024-10-16,2025,1,1,2024-10-01,2024-10-14,2024-10-20,3
2024-10-17,2025,1,1,2024-10-01,2024-10-14,2024-10-20,4
2024-10-18,2025,1,1,2024-10-01,2024-10-14,2024-10-20,5
2024-10-19,2025,1,1,2024-10-01,2024-10-14,2024-10-20,6
2024-10-20,2025,1,1,2024-10-01,2024-10-14,2024-10-20,7
2024-10-21,2025,1,1,2024-10-01,2024-10-21,2024-10-27,1
2024-10-22,2025,1,1,2024-10-01,2024-10-21,2024-10-27,2
2024-10-23,2025,1,1,2024-10-01,2024-10-21,2024-10-27,3
2024-10-24,2025,1,1,2024-10-01,2024-10-21,2024-10-27,4
2024-10-25,2025,1,1,2024-10-01,2024-10-21,2024-10-27,5
2024-10-26,2025,1,1,2024-10-01,2024-10-21,2024-10-27,6
2024-10-27,2025,1,1,2024-10-01,2024-10-21,2024-10-27,7
2024-10-28,2025,1,1,2024-10-01,2024-10-28,2024-11-03,1
2024-10-29,2025,1,1,2024-10-01,2024-10-28,2024-11-03,2
2024-10-30,2025,1,1,2024-10-01,2024-10-28,2024-11-03,3
2024-10-31,2025,1,1,2024-10-01,2024-10-28,2024-11-03,4
2024-11-01,2025,1,2,2024-11-01,2024-10-28,2024-11-03,5
2024-11-02,2025,1,2,2024-11-01,2024-10-28,2024-11-03,6
2024-11-03,2025,1,2,2024-11-01,2024-10-28,2024-11-03,7
2024-11-04,2025,1,2,2024-11-01,2024-11-04,2024-11-10,1
2024-11-05,2025,1,2,2024-11-01,2024-11-04,2024-11-10,2
2024-11-06,2025,1,2,2024-11-01,2024-11-04,2024-11-10,3
2024-11-07,2025,1,2,2024-11-01,2024-11-04,2024-11-10,4
2024-11-08,2025,1,2,2024-11-01,2024-11-04,2024-11-10,5
2024-11-09,2025,1,2,2024-11-01,2024-11-04,2024-11-10,6
2024-11-10,2025,1,2,2024-11-01,2024-11-04,2024-11-10,7
2024-11-11,2025,1,2,2024-11-01,2024-11-11,2024-11-17,1
2024-11-12,2025,1,2,2024-11-01,2024-11-11,2024-11-17,2
2024-11-13,2025,1,2,2024-11-01,2024-11-11,2024-11-17,3
2024-11-14,2025,1,2,2024-11-01,2024-11-11,2024-11-17,4
2024-11-15,2025,1,2,2024-11-01,2024-11-11,2024-11-17,5
2024-11-16,2025,1,2,2024-11-01,2024-11-11,2024-11-17,6
2024-11-17,2025,1,2,2024-11-01,2024-11-11,2024-11-17,7
2024-11-18,2025,1,2,2024-11-01,2024-11-18,2024-11-24,1
2024-11-19,2025,1,2,2024-11-01,2024-11-18,2024-11-24,2
2024-11-20,2025,1,2,2024-11-01,2024-11-18,2024-11-24,3
2024-11-21,2025,1,2,2024-11-01,2024-11-18,2024-11-24,4
2024-11-22,2025,1,2,2024-11-01,2024-11-18,2024-11-24,5
2024-11-23,2025,1,2,2024-11-01,2024-11-18,2024-11-24,6
2024-11-24,2025,1,2,2024-11-01,2024-11-18,2024-11-24,7
2024-11-25,2025,1,2,2024-11-01,2024-11-25,2024-12-01,1
2024-11-26,2025,1,2,2024-11-01,2024-11-25,2024-12-01,2
2024-11-27,2025,1,2,2024-11-01,2024-11-25,2024-12-01,3
2024-11-28,2025,1,2,2024-11-01,2024-11-25,2024-12-01,4
2024-11-29,2025,1,2,2024-11-01,2024-11-25,2024-12-01,5
2024-11-30,2025,1,2,2024-11-01,2024-11-25,2024-12-01,6
2024-12-01,2025,1,3,2024-12-01,2024-11-25,2024-12-01,7
2024-12-02,2025,1,3,2024-12-01,2024-12-02,2024-12-08,1
2024-12-03,2025,1,3,2024-12-01,2024-12-02,2024-12-08,2
2024-12-04,2025,1,3,2024-12-01,2024-12-02,2024-12-08,3
2024-12-05,2025,1,3,2024-12-01,2024-12-02,2024-12-08,4
2024-12-06,2025,1,3,2024-12-01,2024-12-02,2024-12-08,5
2024-12-07,2025,1,3,2024-12-01,2024-12-02,2024-12-08,6
2024-12-08,2025,1,3,2024-12-01,2024-12-02,2024-12-08,7
2024-12-09,2025,1,3,2024-12-01,2024-12-09,2024-12-15,1
2024-12-10,2025,1,3,2024-12-01,2024-12-09,2024-12-15,2
2024-12-11,2025,1,3,2024-12-01,2024-12-09,2024-12-15,3
2024-12-12,2025,1,3,2024-12-01,2024-12-09,2024-12-15,4
2024-12-13,2025,1,3,2024-12-01,2024-12-09,2024-12-15,5
2024-12-14,2025,1,3,2024-12-01,2024-12-09,2024-12-15,6
2024-12-15,2025,1,3,2024-12-01,2024-12-09,2024-12-15,7
2024-12-16,2025,1,3,2024-12-01,2024-12-16,2024-12-22,1
2024-12-17,2025,1,3,2024-12-01,2024-12-16,2024-12-22,2
2024-12-18,2025,1,3,2024-12-01,2024-12-16,2024-12-22,3
2024-12-19,2025,1,3,2024-12-01,2024-12-16,2024-12-22,4
2024-12-20,2025,1,3,2024-12-01,2024-12-16,2024-12-22,5
2024-12-21,2025,1,3,2024-12-01,2024-12-16,2024-12-22,6
2024-12-22,2025,1,3,2024-12-01,2024-12-16,2024-12-22,7
2024-12-23,2025,1,3,2024-12-01,2024-12-23,2024-12-29,1
2024-12-24,2025,1,3,2024-12-01,2024-12-23,2024-12-29,2
2024-12-25,2025,1,3,2024-12-01,2024-12-23,2024-12-29,3
2024-12-26,2025,1,3,2024-12-01,2024-12-23,2024-12-29,4
2024-12-27,2025,1,3,2024-12-01,2024-12-23,2024-12-29,5
2024-12-28,2025,1,3,2024-12-01,2024-12-23,2024-12-29,6
2024-12-29,2025,1,3,2024-12-01,2024-12-23,2024-12-29,7
2024-12-30,2025,1,3,2024-12-01,2024-12-30,2025-01-05,1
2024-12-31,2025,1,3,2024-12-01,2024-12-30,2025-01-05,2
2025-01-01,2025,2,4,2025-01-01,2024-12-30,2025-01-05,3
2025-01-02,2025,2,4,2025-01-01,2024-12-30,2025-01-05,4
2025-01-03,2025,2,4,2025-01-01,2024-12-30,2025-01-05,5
2025-01-04,2025,2,4,2025-01-01,2024-12-30,2025-01-05,6
2025-01-05,2025,2,4,2025-01-01,2024-12-30,2025-01-05,7
2025-01-06,2025,2,4,2025-01-01,2025-01-06,2025-01-12,1
2025-01-07,2025,2,4,2025-01-01,2025-01-06,2025-01-12,2
2025-01-08,2025,2,4,2025-01-01,2025-01-06,2025-01-12,3
2025-01-09,2025,2,4,2025-01-01,2025-01-06,2025-01-12,4
2025-01-10,2025,2,4,2025-01-01,2025-01-06,2025-01-12,5
2025-01-11,2025,2,4,2025-01-01,2025-01-06,2025-01-12,6
2025-01-12,2025,2,4,2025-01-01,2025-01-06,2025-01-12,7
2025-01-13,2025,2,4,2025-01-01,2025-01-13,2025-01-19,1
2025-01-14,2025,2,4,2025-01-01,2025-01-13,2025-01-19,2
2025-01-15,2025,2,4,2025-01-01,2025-01-13,2025-01-19,3
2025-01-16,2025,2,4,2025-01-01,2025-01-13,2025-01-19,4
2025-01-17,2025,2,4,2025-01-01,2025-01-13,2025-01-19,5
2025-01-18,2025,2,4,2025-01-01,2025-01-13,2025-01-19,6
2025-01-19,2025,2,4,2025-01-01,2025-01-13,2025-01-19,7
2025-01-20,2025,2,4,2025-01-01,2025-01-20,2025-01-26,1
2025-01-21,2025,2,4,2025-01-01,2025-01-20,2025-01-26,2
2025-01-22,2025,2,4,2025-01-01,2025-01-20,2025-01-26,3
2025-01-23,2025,2,4,2025-01-01,2025-01-20,2025-01-26,4
2025-01-24,2025,2,4,2025-01-01,2025-01-20,2025-01-26,5
2025-01-25,2025,2,4,2025-01-01,2025-01-20,2025-01-26,6
2025-01-26,2025,2,4,2025-01-01,2025-01-20,2025-01-26,7
2025-01-27,2025,2,4,2025-01-01,2025-01-27,2025-02-02,1
2025-01-28,2025,2,4,2025-01-01,2025-01-27,2025-02-02,2
2025-01-29,2025,2,4,2025-01-01,2025-01-27,2025-02-02,3
2025-01-30,2025,2,4,2025-01-01,2025-01-27,2025-02-02,4
2025-01-31,2025,2,4,2025-01-01,2025-01-27,2025-02-02,5
2025-02-01,2025,2,5,2025-02-01,2025-01-27,2025-02-02,6
2025-02-02,2025,2,5,2025-02-01,2025-01-27,2025-02-02,7
2025-02-03,2025,2,5,2025-02-01,2025-02-03,2025-02-09,1
2025-02-04,2025,2,5,2025-02-01,2025-02-03,2025-02-09,2
2025-02-05,2025,2,5,2025-02-01,2025-02-03,2025-02-09,3
2025-02-06,2025,2,5,2025-02-01,2025-02-03,2025-02-09,4
2025-02-07,2025,2,5,2025-02-01,2025-02-03,2025-02-09,5
2025-02-08,2025,2,5,2025-02-01,2025-02-03,2025-02-09,6
2025-02-09,2025,2,5,2025-02-01,2025-02-03,2025-02-09,7
2025-02-10,2025,2,5,2025-02-01,2025-02-10,2025-02-16,1
2025-02-11,2025,2,5,2025-02-01,2025-02-10,2025-02-16,2
2025-02-12,2025,2,5,2025-02-01,2025-02-10,2025-02-16,3
2025-02-13,2025,2,5,2025-02-01,2025-02-10,2025-02-16,4
2025-02-14,2025,2,5,2025-02-01,2025-02-10,2025-02-16,5
2025-02-15,2025,2,5,2025-02-01,2025-02-10,2025-02-16,6
2025-02-16,2025,2,5,2025-02-01,2025-02-10,2025-02-16,7
2025-02-17,2025,2,5,2025-02-01,2025-02-17,2025-02-23,1
2025-02-18,2025,2,5,2025-02-01,2025-02-17,2025-02-23,2
2025-02-19,2025,2,5,2025-02-01,2025-02-17,2025-02-23,3
2025-02-20,2025,2,5,2025-02-01,2025-02-17,2025-02-23,4
2025-02-21,2025,2,5,2025-02-01,2025-02-17,2025-02-23,5
2025-02-22,2025,2,5,2025-02-01,2025-02-17,2025-02-23,6
2025-02-23,2025,2,5,2025-02-01,2025-02-17,2025-02-23,7
2025-02-24,2025,2,5,2025-02-01,2025-02-24,2025-03-02,1
2025-02-25,2025,2,5,2025-02-01,2025-02-24,2025-03-02,2
2025-02-26,2025,2,5,2025-02-01,2025-02-24,2025-03-02,3
2025-02-27,2025,2,5,2025-02-01,2025-02-24,2025-03-02,4
2025-02-28,2025,2,5,2025-02-01,2025-02-24,2025-03-02,5
2025-03-01,2025,2,6,2025-03-01,2025-02-24,2025-03-02,6
2025-03-02,2025,2,6,2025-03-01,2025-02-24,2025-03-02,7
2025-03-03,2025,2,6,2025-03-01,2025-03-03,2025-03-09,1
2025-03-04,2025,2,6,2025-03-01,2025-03-03,2025-03-09,2
2025-03-05,2025,2,6,2025-03-01,2025-03-03,2025-03-09,3
2025-03-06,2025,2,6,2025-03-01,2025-03-03,2025-03-09,4
2025-03-07,2025,2,6,2025-03-01,2025-03-03,2025-03-09,5
2025-03-08,2025,2,6,2025-03-01,2025-03-03,2025-03-09,6
2025-03-09,2025,2,6,2025-03-01,2025-03-03,2025-03-09,7
2025-03-10,2025,2,6,2025-03-01,2025-03-10,2025-03-16,1
2025-03-11,2025,2,6,2025-03-01,2025-03-10,2025-03-16,2
2025-03-12,2025,2,6,2025-03-01,2025-03-10,2025-03-16,3
2025-03-13,2025,2,6,2025-03-01,2025-03-10,2025-03-16,4
2025-03-14,2025,2,6,2025-03-01,2025-03-10,2025-03-16,5
2025-03-15,2025,2,6,2025-03-01,2025-03-10,2025-03-16,6
2025-03-16,2025,2,6,2025-03-01,2025-03-10,2025-03-16,7
2025-03-17,2025,2,6,2025-03-01,2025-03-17,2025-03-23,1
2025-03-18,2025,2,6,2025-03-01,2025-03-17,2025-03-23,2
2025-03-19,2025,2,6,2025-03-01,2025-03-17,2025-03-23,3
2025-03-20,2025,2,6,2025-03-01,2025-03-17,2025-03-23,4
2025-03-21,2025,2,6,2025-03-01,2025-03-17,2025-03-23,5
2025-03-22,2025,2,6,2025-03-01,2025-03-17,2025-03-23,6
2025-03-23,2025,2,6,2025-03-01,2025-03-17,2025-03-23,7
2025-03-24,2025,2,6,2025-03-01,2025-03-24,2025-03-30,1
2025-03-25,2025,2,6,2025-03-01,2025-03-24,2025-03-30,2
2025-03-26,2025,2,6,2025-03-01,2025-03-24,2025-03-30,3
2025-03-27,2025,2,6,2025-03-01,2025-03-24,2025-03-30,4
2025-03-28,2025,2,6,2025-03-01,2025-03-24,2025-03-30,5
2025-03-29,2025,2,6,2025-03-01,2025-03-24,2025-03-30,6
2025-03-30,2025,2,6,2025-03-01,2025-03-24,2025-03-30,7
2025-03-31,2025,2,6,2025-03-01,2025-03-31,2025-04-06,1
2025-04-01,2025,3,7,2025-04-01,2025-03-31,2025-04-06,2
2025-04-02,2025,3,7,2025-04-01,2025-03-31,2025-04-06,3
2025-04-03,2025,3,7,2025-04-01,2025-03-31,2025-04-06,4
2025-04-04,2025,3,7,2025-04-01,2025-03-31,2025-04-06,5
2025-04-05,2025,3,7,2025-04-01,2025-03-31,2025-04-06,6
2025-04-06,2025,3,7,2025-04-01,2025-03-31,2025-04-06,7
2025-04-07,2025,3,7,2025-04-01,2025-04-07,2025-04-13,1
2025-04-08,2025,3,7,2025-04-01,2025-04-07,2025-04-13,2
2025-04-09,2025,3,7,2025-04-01,2025-04-07,2025-04-13,3
2025-04-10,2025,3,7,2025-04-01,2025-04-07,2025-04-13,4
2025-04-11,2025,3,7,2025-04-01,2025-04-07,2025-04-13,5
2025-04-12,2025,3,7,2025-04-01,2025-04-07,2025-04-13,6
2025-04-13,2025,3,7,2025-04-01,2025-04-07,2025-04-13,7
2025-04-14,2025,3,7,2025-04-01,2025-04-14,2025-04-20,1
2025-04-15,2025,3,7,2025-04-01,2025-04-14,2025-04-20,2
2025-04-16,2025,3,7,2025-04-01,2025-04-14,2025-04-20,3
2025-04-17,2025,3,7,2025-04-01,2025-04-14,2025-04-20,4
2025-04-18,2025,3,7,2025-04-01,2025-04-14,2025-04-20,5
2025-04-19,2025,3,7,2025-04-01,2025-04-14,2025-04-20,6
2025-04-20,2025,3,7,2025-04-01,2025-04-14,2025-04-20,7
2025-04-21,2025,3,7,2025-04-01,2025-04-21,2025-04-27,1
2025-04-22,2025,3,7,2025-04-01,2025-04-21,2025-04-27,2
2025-04-23,2025,3,7,2025-04-01,2025-04-21,2025-04-27,3
2025-04-24,2025,3,7,2025-04-01,2025-04-21,2025-04-27,4
2025-04-25,2025,3,7,2025-04-01,2025-04-21,2025-04-27,5
2025-04-26,2025,3,7,2025-04-01,2025-04-21,2025-04-27,6
2025-04-27,2025,3,7,2025-04-01,2025-04-21,2025-04-27,7
2025-04-28,2025,3,7,2025-04-01,2025-04-28,2025-05-04,1
2025-04-29,2025,3,7,2025-04-01,2025-04-28,2025-05-04,2
2025-04-30,2025,3,7,2025-04-01,2025-04-28,2025-05-04,3
2025-05-01,2025,3,8,2025-05-01,2025-04-28,2025-05-04,4
2025-05-02,2025,3,8,2025-05-01,2025-04-28,2025-05-04,5
2025-05-03,2025,3,8,2025-05-01,2025-04-28,2025-05-04,6
2025-05-04,2025,3,8,2025-05-01,2025-04-28,2025-05-04,7
2025-05-05,2025,3,8,2025-05-01,2025-05-05,2025-05-11,1
2025-05-06,2025,3,8,2025-05-01,2025-05-05,2025-05-11,2
2025-05-07,2025,3,8,2025-05-01,2025-05-05,2025-05-11,3
2025-05-08,2025,3,8,2025-05-01,2025-05-05,2025-05-11,4
2025-05-09,2025,3,8,2025-05-01,2025-05-05,2025-05-11,5
2025-05-10,2025,3,8,2025-05-01,2025-05-05,2025-05-11,6
2025-05-11,2025,3,8,2025-05-01,2025-05-05,2025-05-11,7
2025-05-12,2025,3,8,2025-05-01,2025-05-12,2025-05-18,1
2025-05-13,2025,3,8,2025-05-01,2025-05-12,2025-05-18,2
2025-05-14,2025,3,8,2025-05-01,2025-05-12,2025-05-18,3
2025-05-15,2025,3,8,2025-05-01,2025-05-12,2025-05-18,4
2025-05-16,2025,3,8,2025-05-01,2025-05-12,2025-05-18,5
2025-05-17,2025,3,8,2025-05-01,2025-05-12,2025-05-18,6
2025-05-18,2025,3,8,2025-05-01,2025-05-12,2025-05-18,7
2025-05-19,2025,3,8,2025-05-01,2025-05-19,2025-05-25,1
2025-05-20,2025,3,8,2025-05-01,2025-05-19,2025-05-25,2
2025-05-21,2025,3,8,2025-05-01,2025-05-19,2025-05-25,3
2025-05-22,2025,3,8,2025-05-01,2025-05-19,2025-05-25,4
2025-05-23,2025,3,8,2025-05-01,2025-05-19,2025-05-25,5
2025-05-24,2025,3,8,2025-05-01,2025-05-19,2025-05-25,6
2025-05-25,2025,3,8,2025-05-01,2025-05-19,2025-05-25,7
2025-05-26,2025,3,8,2025-05-01,2025-05-26,2025-06-01,1
2025-05-27,2025,3,8,2025-05-01,2025-05-26,2025-06-01,2
2025-05-28,2025,3,8,2025-05-01,2025-05-26,2025-06-01,3
2025-05-29,2025,3,8,2025-05-01,2025-05-26,2025-06-01,4
2025-05-30,2025,3,8,2025-05-01,2025-05-26,2025-06-01,5
2025-05-31,2025,3,8,2025-05-01,2025-05-26,2025-06-01,6
2025-06-01,2025,3,9,2025-06-01,2025-05-26,2025-06-01,7
2025-06-02,2025,3,9,2025-06-01,2025-06-02,2025-06-08,1
2025-06-03,2025,3,9,2025-06-01,2025-06-02,2025-06-08,2
2025-06-04,2025,3,9,2025-06-01,2025-06-02,2025-06-08,3
2025-06-05,2025,3,9,2025-06-01,2025-06-02,2025-06-08,4
2025-06-06,2025,3,9,2025-06-01,2025-06-02,2025-06-08,5
2025-06-07,2025,3,9,2025-06-01,2025-06-02,2025-06-08,6
2025-06-08,2025,3,9,2025-06-01,2025-06-02,2025-06-08,7
2025-06-09,2025,3,9,2025-06-01,2025-06-09,2025-06-15,1
2025-06-10,2025,3,9,2025-06-01,2025-06-09,2025-06-15,2
2025-06-11,2025,3,9,2025-06-01,2025-06-09,2025-06-15,3
2025-06-12,2025,3,9,2025-06-01,2025-06-09,2025-06-15,4
2025-06-13,2025,3,9,2025-06-01,2025-06-09,2025-06-15,5
2025-06-14,2025,3,9,2025-06-01,2025-06-09,2025-06-15,6
2025-06-15,2025,3,9,2025-06-01,2025-06-09,2025-06-15,7
2025-06-16,2025,3,9,2025-06-01,2025-06-16,2025-06-22,1
2025-06-17,2025,3,9,2025-06-01,2025-06-16,2025-06-22,2
2025-06-18,2025,3,9,2025-06-01,2025-06-16,2025-06-22,3
2025-06-19,2025,3,9,2025-06-01,2025-06-16,2025-06-22,4
2025-06-20,2025,3,9,2025-06-01,2025-06-16,2025-06-22,5
2025-06-21,2025,3,9,2025-06-01,2025-06-16,2025-06-22,6
2025-06-22,2025,3,9,2025-06-01,2025-06-16,2025-06-22,7
2025-06-23,2025,3,9,2025-06-01,2025-06-23,2025-06-29,1
2025-06-24,2025,3,9,2025-06-01,2025-06-23,2025-06-29,2
2025-06-25,2025,3,9,2025-06-01,2025-06-23,2025-06-29,3
2025-06-26,2025,3,9,2025-06-01,2025-06-23,2025-06-29,4
2025-06-27,2025,3,9,2025-06-01,2025-06-23,2025-06-29,5
2025-06-28,2025,3,9,2025-06-01,2025-06-23,2025-06-29,6
2025-06-29,2025,3,9,2025-06-01,2025-06-23,2025-06-29,7
2025-06-30,2025,3,9,2025-06-01,2025-06-30,2025-07-06,1
2025-07-01,2025,4,10,2025-07-01,2025-06-30,2025-07-06,2
2025-07-02,2025,4,10,2025-07-01,2025-06-30,2025-07-06,3
2025-07-03,2025,4,10,2025-07-01,2025-06-30,2025-07-06,4
2025-07-04,2025,4,10,2025-07-01,2025-06-30,2025-07-06,5
2025-07-05,2025,4,10,2025-07-01,2025-06-30,2025-07-06,6
2025-07-06,2025,4,10,2025-07-01,2025-06-30,2025-07-06,7
2025-07-07,2025,4,10,2025-07-01,2025-07-07,2025-07-13,1
2025-07-08,2025,4,10,2025-07-01,2025-07-07,2025-07-13,2
2025-07-09,2025,4,10,2025-07-01,2025-07-07,2025-07-13,3
2025-07-10,2025,4,10,2025-07-01,2025-07-07,2025-07-13,4
2025-07-11,2025,4,10,2025-07-01,2025-07-07,2025-07-13,5
2025-07-12,2025,4,10,2025-07-01,2025-07-07,2025-07-13,6
2025-07-13,2025,4,10,2025-07-01,2025-07-07,2025-07-13,7
2025-07-14,2025,4,10,2025-07-01,2025-07-14,2025-07-20,1
2025-07-15,2025,4,10,2025-07-01,2025-07-14,2025-07-20,2
2025-07-16,2025,4,10,2025-07-01,2025-07-14,2025-07-20,3
2025-07-17,2025,4,10,2025-07-01,2025-07-14,2025-07-20,4
2025-07-18,2025,4,10,2025-07-01,2025-07-14,2025-07-20,5
2025-07-19,2025,4,10,2025-07-01,2025-07-14,2025-07-20,6
2025-07-20,2025,4,10,2025-07-01,2025-07-14,2025-07-20,7
2025-07-21,2025,4,10,2025-07-01,2025-07-21,2025-07-27,1
2025-07-22,2025,4,10,2025-07-01,2025-07-21,2025-07-27,2
2025-07-23,2025,4,10,2025-07-01,2025-07-21,2025-07-27,3
2025-07-24,2025,4,10,2025-07-01,2025-07-21,2025-07-27,4
2025-07-25,2025,4,10,2025-07-01,2025-07-21,2025-07-27,5
2025-07-26,2025,4,10,2025-07-01,2025-07-21,2025-07-27,6
2025-07-27,2025,4,10,2025-07-01,2025-07-21,2025-07-27,7
2025-07-28,2025,4,10,2025-07-01,2025-07-28,2025-08-03,1
2025-07-29,2025,4,10,2025-07-01,2025-07-28,2025-08-03,2
2025-07-30,2025,4,10,2025-07-01,2025-07-28,2025-08-03,3
2025-07-31,2025,4,10,2025-07-01,2025-07-28,2025-08-03,4
2025-08-01,2025,4,11,2025-08-01,2025-07-28,2025-08-03,5
2025-08-02,2025,4,11,2025-08-01,2025-07-28,2025-08-03,6
2025-08-03,2025,4,11,2025-08-01,2025-07-28,2025-08-03,7
2025-08-04,2025,4,11,2025-08-01,2025-08-04,2025-08-10,1
2025-08-05,2025,4,11,2025-08-01,2025-08-04,2025-08-10,2
2025-08-06,2025,4,11,2025-08-01,2025-08-04,2025-08-10,3
2025-08-07,2025,4,11,2025-08-01,2025-08-04,2025-08-10,4
2025-08-08,2025,4,11,2025-08-01,2025-08-04,2025-08-10,5
2025-08-09,2025,4,11,2025-08-01,2025-08-04,2025-08-10,6
2025-08-10,2025,4,11,2025-08-01,2025-08-04,2025-08-10,7
2025-08-11,2025,4,11,2025-08-01,2025-08-11,2025-08-17,1
2025-08-12,2025,4,11,2025-08-01,2025-08-11,2025-08-17,2
2025-08-13,2025,4,11,2025-08-01,2025-08-11,2025-08-17,3
2025-08-14,2025,4,11,2025-08-01,2025-08-11,2025-08-17,4
2025-08-15,2025,4,11,2025-08-01,2025-08-11,2025-08-17,5
2025-08-16,2025,4,11,2025-08-01,2025-08-11,2025-08-17,6
2025-08-17,2025,4,11,2025-08-01,2025-08-11,2025-08-17,7
2025-08-18,2025,4,11,2025-08-01,2025-08-18,2025-08-24,1
2025-08-19,2025,4,11,2025-08-01,2025-08-18,2025-08-24,2
2025-08-20,2025,4,11,2025-08-01,2025-08-18,2025-08-24,3
2025-08-21,2025,4,11,2025-08-01,2025-08-18,2025-08-24,4
2025-08-22,2025,4,11,2025-08-01,2025-08-18,2025-08-24,5
2025-08-23,2025,4,11,2025-08-01,2025-08-18,2025-08-24,6
2025-08-24,2025,4,11,2025-08-01,2025-08-18,2025-08-24,7
2025-08-25,2025,4,11,2025-08-01,2025-08-25,2025-08-31,1
2025-08-26,2025,4,11,2025-08-01,2025-08-25,2025-08-31,2
2025-08-27,2025,4,11,2025-08-01,2025-08-25,2025-08-31,3
2025-08-28,2025,4,11,2025-08-01,2025-08-25,2025-08-31,4
2025-08-29,2025,4,11,2025-08-01,2025-08-25,2025-08-31,5
2025-08-30,2025,4,11,2025-08-01,2025-08-25,2025-08-31,6
2025-08-31,2025,4,11,2025-08-01,2025-08-25,2025-08-31,7
2025-09-01,2025,4,12,2025-09-01,2025-09-01,2025-09-07,1
2025-09-02,2025,4,12,2025-09-01,2025-09-01,2025-09-07,2
2025-09-03,2025,4,12,2025-09-01,2025-09-01,2025-09-07,3
2025-09-04,2025,4,12,2025-09-01,2025-09-01,2025-09-07,4
2025-09-05,2025,4,12,2025-09-01,2025-09-01,2025-09-07,5
2025-09-06,2025,4,12,2025-09-01,2025-09-01,2025-09-07,6
2025-09-07,2025,4,12,2025-09-01,2025-09-01,2025-09-07,7
2025-09-08,2025,4,12,2025-09-01,2025-09-08,2025-09-14,1
2025-09-09,2025,4,12,2025-09-01,2025-09-08,2025-09-14,2
2025-09-10,2025,4,12,2025-09-01,2025-09-08,2025-09-14,3
2025-09-11,2025,4,12,2025-09-01,2025-09-08,2025-09-14,4
2025-09-12,2025,4,12,2025-09-01,2025-09-08,2025-09-14,5
2025-09-13,2025,4,12,2025-09-01,2025-09-08,2025-09-14,6
2025-09-14,2025,4,12,2025-09-01,2025-09-08,2025-09-14,7
2025-09-15,2025,4,12,2025-09-01,2025-09-15,2025-09-21,1
2025-09-16,2025,4,12,2025-09-01,2025-09-15,2025-09-21,2
2025-09-17,2025,4,12,2025-09-01,2025-09-15,2025-09-21,3
2025-09-18,2025,4,12,2025-09-01,2025-09-15,2025-09-21,4
2025-09-19,2025,4,12,2025-09-01,2025-09-15,2025-09-21,5
2025-09-20,2025,4,12,2025-09-01,2025-09-15,2025-09-21,6
2025-09-21,2025,4,12,2025-09-01,2025-09-15,2025-09-21,7
2025-09-22,2025,4,12,2025-09-01,2025-09-22,2025-09-28,1
2025-09-23,2025,4,12,2025-09-01,2025-09-22,2025-09-28,2
2025-09-24,2025,4,12,2025-09-01,2025-09-22,2025-09-28,3
2025-09-25,2025,4,12,2025-09-01,2025-09-22,2025-09-28,4
2025-09-26,2025,4,12,2025-09-01,2025-09-22,2025-09-28,5
2025-09-27,2025,4,12,2025-09-01,2025-09-22,2025-09-28,6
2025-09-28,2025,4,12,2025-09-01,2025-09-22,2025-09-28,7
2025-09-29,2025,4,12,2025-09-01,2025-09-29,2025-10-05,1
2025-09-30,2025,4,12,2025-09-01,2025-09-29,2025-10-05,2
2025-10-01,2026,1,1,2025-10-01,2025-09-29,2025-10-05,3
2025-10-02,2026,1,1,2025-10-01,2025-09-29,2025-10-05,4
2025-10-03,2026,1,1,2025-10-01,2025-09-29,2025-10-05,5
2025-10-04,2026,1,1,2025-10-01,2025-09-29,2025-10-05,6
2025-10-05,2026,1,1,2025-10-01,2025-09-29,2025-10-05,7
2025-10-06,2026,1,1,2025-10-01,2025-10-06,2025-10-12,1
2025-10-07,2026,1,1,2025-10-01,2025-10-06,2025-10-12,2
2025-10-08,2026,1,1,2025-10-01,2025-10-06,2025-10-12,3
2025-10-09,2026,1,1,2025-10-01,2025-10-06,2025-10-12,4
2025-10-10,2026,1,1,2025-10-01,2025-10-06,2025-10-12,5
2025-10-11,2026,1,1,2025-10-01,2025-10-06,2025-10-12,6
2025-10-12,2026,1,1,2025-10-01,2025-10-06,2025-10-12,7
2025-10-13,2026,1,1,2025-10-01,2025-10-13,2025-10-19,1
2025-10-14,2026,1,1,2025-10-01,2025-10-13,2025-10-19,2
2025-10-15,2026,1,1,2025-10-01,2025-10-13,2025-10-19,3
2025-10-16,2026,1,1,2025-10-01,2025-10-13,2025-10-19,4
2025-10-17,2026,1,1,2025-10-01,2025-10-13,2025-10-19,5
2025-10-18,2026,1,1,2025-10-01,2025-10-13,2025-10-19,6
2025-10-19,2026,1,1,2025-10-01,2025-10-13,2025-10-19,7
2025-10-20,2026,1,1,2025-10-01,2025-10-20,2025-10-26,1
2025-10-21,2026,1,1,2025-10-01,2025-10-20,2025-10-26,2
2025-10-22,2026,1,1,2025-10-01,2025-10-20,2025-10-26,3
2025-10-23,2026,1,1,2025-10-01,2025-10-20,2025-10-26,4
2025-10-24,2026,1,1,2025-10-01,2025-10-20,2025-10-26,5
2025-10-25,2026,1,1,2025-10-01,2025-10-20,2025-10-26,6
2025-10-26,2026,1,1,2025-10-01,2025-10-20,2025-10-26,7
2025-10-27,2026,1,1,2025-10-01,2025-10-27,2025-11-02,1
2025-10-28,2026,1,1,2025-10-01,2025-10-27,2025-11-02,2
2025-10-29,2026,1,1,2025-10-01,2025-10-27,2025-11-02,3
2025-10-30,2026,1,1,2025-10-01,2025-10-27,2025-11-02,4
2025-10-31,2026,1,1,2025-10-01,2025-10-27,2025-11-02,5
2025-11-01,2026,1,2,2025-11-01,2025-10-27,2025-11-02,6
2025-11-02,2026,1,2,2025-11-01,2025-10-27,2025-11-02,7
2025-11-03,2026,1,2,2025-11-01,2025-11-03,2025-11-09,1
2025-11-04,2026,1,2,2025-11-01,2025-11-03,2025-11-09,2
2025-11-05,2026,1,2,2025-11-01,2025-11-03,2025-11-09,3
2025-11-06,2026,1,2,2025-11-01,2025-11-03,2025-11-09,4
2025-11-07,2026,1,2,2025-11-01,2025-11-03,2025-11-09,5
2025-11-08,2026,1,2,2025-11-01,2025-11-03,2025-11-09,6
2025-11-09,2026,1,2,2025-11-01,2025-11-03,2025-11-09,7
2025-11-10,2026,1,2,2025-11-01,2025-11-10,2025-11-16,1
2025-11-11,2026,1,2,2025-11-01,2025-11-10,2025-11-16,2
2025-11-12,2026,1,2,2025-11-01,2025-11-10,2025-11-16,3
2025-11-13,2026,1,2,2025-11-01,2025-11-10,2025-11-16,4
2025-11-14,2026,1,2,2025-11-01,2025-11-10,2025-11-16,5
2025-11-15,2026,1,2,2025-11-01,2025-11-10,2025-11-16,6
2025-11-16,2026,1,2,2025-11-01,2025-11-10,2025-11-16,7
2025-11-17,2026,1,2,2025-11-01,2025-11-17,2025-11-23,1
2025-11-18,2026,1,2,2025-11-01,2025-11-17,2025-11-23,2
2025-11-19,2026,1,2,2025-11-01,2025-11-17,2025-11-23,3
2025-11-20,2026,1,2,2025-11-01,2025-11-17,2025-11-23,4
2025-11-21,2026,1,2,2025-11-01,2025-11-17,2025-11-23,5
2025-11-22,2026,1,2,2025-11-01,2025-11-17,2025-11-23,6
2025-11-23,2026,1,2,2025-11-01,2025-11-17,2025-11-23,7
2025-11-24,2026,1,2,2025-11-01,2025-11-24,2025-11-30,1
2025-11-25,2026,1,2,2025-11-01,2025-11-24,2025-11-30,2
2025-11-26,2026,1,2,2025-11-01,2025-11-24,2025-11-30,3
2025-11-27,2026,1,2,2025-11-01,2025-11-24,2025-11-30,4
2025-11-28,2026,1,2,2025-11-01,2025-11-24,2025-11-30,5
2025-11-29,2026,1,2,2025-11-01,2025-11-24,2025-11-30,6
2025-11-30,2026,1,2,2025-11-01,2025-11-24,2025-11-30,7
2025-12-01,2026,1,3,2025-12-01,2025-12-01,2025-12-07,1
2025-12-02,2026,1,3,2025-12-01,2025-12-01,2025-12-07,2
2025-12-03,2026,1,3,2025-12-01,2025-12-01,2025-12-07,3
2025-12-04,2026,1,3,2025-12-01,2025-12-01,2025-12-07,4
2025-12-05,2026,1,3,2025-12-01,2025-12-01,2025-12-07,5
2025-12-06,2026,1,3,2025-12-01,2025-12-01,2025-12-07,6
2025-12-07,2026,1,3,2025-12-01,2025-12-01,2025-12-07,7
2025-12-08,2026,1,3,2025-12-01,2025-12-08,2025-12-14,1
2025-12-09,2026,1,3,2025-12-01,2025-12-08,2025-12-14,2
2025-12-10,2026,1,3,2025-12-01,2025-12-08,2025-12-14,3
2025-12-11,2026,1,3,2025-12-01,2025-12-08,2025-12-14,4
2025-12-12,2026,1,3,2025-12-01,2025-12-08,2025-12-14,5
2025-12-13,2026,1,3,2025-12-01,2025-12-08,2025-12-14,6
2025-12-14,2026,1,3,2025-12-01,2025-12-08,2025-12-14,7
2025-12-15,2026,1,3,2025-12-01,2025-12-15,2025-12-21,1
2025-12-16,2026,1,3,2025-12-01,2025-12-15,2025-12-21,2
2025-12-17,2026,1,3,2025-12-01,2025-12-15,2025-12-21,3
2025-12-18,2026,1,3,2025-12-01,2025-12-15,2025-12-21,4
2025-12-19,2026,1,3,2025-12-01,2025-12-15,2025-12-21,5
2025-12-20,2026,1,3,2025-12-01,2025-12-15,2025-12-21,6
2025-12-21,2026,1,3,2025-12-01,2025-12-15,2025-12-21,7
2025-12-22,2026,1,3,2025-12-01,2025-12-22,2025-12-28,1
2025-12-23,2026,1,3,2025-12-01,2025-12-22,2025-12-28,2
2025-12-24,2026,1,3,2025-12-01,2025-12-22,2025-12-28,3
2025-12-25,2026,1,3,2025-12-01,2025-12-22,2025-12-28,4
2025-12-26,2026,1,3,2025-12-01,2025-12-22,2025-12-28,5
2025-12-27,2026,1,3,2025-12-01,2025-12-22,2025-12-28,6
2025-12-28,2026,1,3,2025-12-01,2025-12-22,2025-12-28,7
2025-12-29,2026,1,3,2025-12-01,2025-12-29,2026-01-04,1
2025-12-30,2026,1,3,2025-12-01,2025-12-29,2026-01-04,2
2025-12-31,2026,1,3,2025-12-01,2025-12-29,2026-01-04,3
2026-01-01,2026,2,4,2026-01-01,2025-12-29,2026-01-04,4
2026-01-02,2026,2,4,2026-01-01,2025-12-29,2026-01-04,5
2026-01-03,2026,2,4,2026-01-01,2025-12-29,2026-01-04,6
2026-01-04,2026,2,4,2026-01-01,2025-12-29,2026-01-04,7
2026-01-05,2026,2,4,2026-01-01,2026-01-05,2026-01-11,1
2026-01-06,2026,2,4,2026-01-01,2026-01-05,2026-01-11,2
2026-01-07,2026,2,4,2026-01-01,2026-01-05,2026-01-11,3
2026-01-08,2026,2,4,2026-01-01,2026-01-05,2026-01-11,4
2026-01-09,2026,2,4,2026-01-01,2026-01-05,2026-01-11,5
2026-01-10,2026,2,4,2026-01-01,2026-01-05,2026-01-11,6
2026-01-11,2026,2,4,2026-01-01,2026-01-05,2026-01-11,7
2026-01-12,2026,2,4,2026-01-01,2026-01-12,2026-01-18,1
2026-01-13,2026,2,4,2026-01-01,2026-01-12,2026-01-18,2
2026-01-14,2026,2,4,2026-01-01,2026-01-12,2026-01-18,3
2026-01-15,2026,2,4,2026-01-01,2026-01-12,2026-01-18,4
2026-01-16,2026,2,4,2026-01-01,2026-01-12,2026-01-18,5
2026-01-17,2026,2,4,2026-01-01,2026-01-12,2026-01-18,6
2026-01-18,2026,2,4,2026-01-01,2026-01-12,2026-01-18,7
2026-01-19,2026,2,4,2026-01-01,2026-01-19,2026-01-25,1
2026-01-20,2026,2,4,2026-01-01,2026-01-19,2026-01-25,2
2026-01-21,2026,2,4,2026-01-01,2026-01-19,2026-01-25,3
2026-01-22,2026,2,4,2026-01-01,2026-01-19,2026-01-25,4
2026-01-23,2026,2,4,2026-01-01,2026-01-19,2026-01-25,5
2026-01-24,2026,2,4,2026-01-01,2026-01-19,2026-01-25,6
2026-01-25,2026,2,4,2026-01-01,2026-01-19,2026-01-25,7
2026-01-26,2026,2,4,2026-01-01,2026-01-26,2026-02-01,1
2026-01-27,2026,2,4,2026-01-01,2026-01-26,2026-02-01,2
2026-01-28,2026,2,4,2026-01-01,2026-01-26,2026-02-01,3
2026-01-29,2026,2,4,2026-01-01,2026-01-26,2026-02-01,4
2026-01-30,2026,2,4,2026-01-01,2026-01-26,2026-02-01,5
2026-01-31,2026,2,4,2026-01-01,2026-01-26,2026-02-01,6
2026-02-01,2026,2,5,2026-02-01,2026-01-26,2026-02-01,7
2026-02-02,2026,2,5,2026-02-01,2026-02-02,2026-02-08,1
2026-02-03,2026,2,5,2026-02-01,2026-02-02,2026-02-08,2
2026-02-04,2026,2,5,2026-02-01,2026-02-02,2026-02-08,3
2026-02-05,2026,2,5,2026-02-01,2026-02-02,2026-02-08,4
2026-02-06,2026,2,5,2026-02-01,2026-02-02,2026-02-08,5
2026-02-07,2026,2,5,2026-02-01,2026-02-02,2026-02-08,6
2026-02-08,2026,2,5,2026-02-01,2026-02-02,2026-02-08,7
2026-02-09,2026,2,5,2026-02-01,2026-02-09,2026-02-15,1
2026-02-10,2026,2,5,2026-02-01,2026-02-09,2026-02-15,2
2026-02-11,2026,2,5,2026-02-01,2026-02-09,2026-02-15,3
2026-02-12,2026,2,5,2026-02-01,2026-02-09,2026-02-15,4
2026-02-13,2026,2,5,2026-02-01,2026-02-09,2026-02-15,5
2026-02-14,2026,2,5,2026-02-01,2026-02-09,2026-02-15,6
2026-02-15,2026,2,5,2026-02-01,2026-02-09,2026-02-15,7
2026-02-16,2026,2,5,2026-02-01,2026-02-16,2026-02-22,1
2026-02-17,2026,2,5,2026-02-01,2026-02-16,2026-02-22,2
2026-02-18,2026,2,5,2026-02-01,2026-02-16,2026-02-22,3
2026-02-19,2026,2,5,2026-02-01,2026-02-16,2026-02-22,4
2026-02-20,2026,2,5,2026-02-01,2026-02-16,2026-02-22,5
2026-02-21,2026,2,5,2026-02-01,2026-02-16,2026-02-22,6
2026-02-22,2026,2,5,2026-02-01,2026-02-16,2026-02-22,7
2026-02-23,2026,2,5,2026-02-01,2026-02-23,2026-03-01,1
2026-02-24,2026,2,5,2026-02-01,2026-02-23,2026-03-01,2
2026-02-25,2026,2,5,2026-02-01,2026-02-23,2026-03-01,3
2026-02-26,2026,2,5,2026-02-01,2026-02-23,2026-03-01,4
2026-02-27,2026,2,5,2026-02-01,2026-02-23,2026-03-01,5
2026-02-28,2026,2,5,2026-02-01,2026-02-23,2026-03-01,6
2026-03-01,2026,2,6,2026-03-01,2026-02-23,2026-03-01,7
2026-03-02,2026,2,6,2026-03-01,2026-03-02,2026-03-08,1
2026-03-03,2026,2,6,2026-03-01,2026-03-02,2026-03-08,2
2026-03-04,2026,2,6,2026-03-01,2026-03-02,2026-03-08,3
2026-03-05,2026,2,6,2026-03-01,2026-03-02,2026-03-08,4
2026-03-06,2026,2,6,2026-03-01,2026-03-02,2026-03-08,5
2026-03-07,2026,2,6,2026-03-01,2026-03-02,2026-03-08,6
2026-03-08,2026,2,6,2026-03-01,2026-03-02,2026-03-08,7
2026-03-09,2026,2,6,2026-03-01,2026-03-09,2026-03-15,1
2026-03-10,2026,2,6,2026-03-01,2026-03-09,2026-03-15,2
2026-03-11,2026,2,6,2026-03-01,2026-03-09,2026-03-15,3
2026-03-12,2026,2,6,2026-03-01,2026-03-09,2026-03-15,4
2026-03-13,2026,2,6,2026-03-01,2026-03-09,2026-03-15,5
2026-03-14,2026,2,6,2026-03-01,2026-03-09,2026-03-15,6
2026-03-15,2026,2,6,2026-03-01,2026-03-09,2026-03-15,7
2026-03-16,2026,2,6,2026-03-01,2026-03-16,2026-03-22,1
2026-03-17,2026,2,6,2026-03-01,2026-03-16,2026-03-22,2
2026-03-18,2026,2,6,2026-03-01,2026-03-16,2026-03-22,3
2026-03-19,2026,2,6,2026-03-01,2026-03-16,2026-03-22,4
2026-03-20,2026,2,6,2026-03-01,2026-03-16,2026-03-22,5
2026-03-21,2026,2,6,2026-03-01,2026-03-16,2026-03-22,6
2026-03-22,2026,2,6,2026-03-01,2026-03-16,2026-03-22,7
2026-03-23,2026,2,6,2026-03-01,2026-03-23,2026-03-29,1
2026-03-24,2026,2,6,2026-03-01,2026-03-23,2026-03-29,2
2026-03-25,2026,2,6,2026-03-01,2026-03-23,2026-03-29,3
2026-03-26,2026,2,6,2026-03-01,2026-03-23,2026-03-29,4
2026-03-27,2026,2,6,2026-03-01,2026-03-23,2026-03-29,5
2026-03-28,2026,2,6,2026-03-01,2026-03-23,2026-03-29,6
2026-03-29,2026,2,6,2026-03-01,2026-03-23,2026-03-29,7
2026-03-30,2026,2,6,2026-03-01,2026-03-30,2026-04-05,1
2026-03-31,2026,2,6,2026-03-01,2026-03-30,2026-04-05,2
2026-04-01,2026,3,7,2026-04-01,2026-03-30,2026-04-05,3
2026-04-02,2026,3,7,2026-04-01,2026-03-30,2026-04-05,4
2026-04-03,2026,3,7,2026-04-01,2026-03-30,2026-04-05,5
2026-04-04,2026,3,7,2026-04-01,2026-03-30,2026-04-05,6
2026-04-05,2026,3,7,2026-04-01,2026-03-30,2026-04-05,7
2026-04-06,2026,3,7,2026-04-01,2026-04-06,2026-04-12,1
2026-04-07,2026,3,7,2026-04-01,2026-04-06,2026-04-12,2
2026-04-08,2026,3,7,2026-04-01,2026-04-06,2026-04-12,3
2026-04-09,2026,3,7,2026-04-01,2026-04-06,2026-04-12,4
2026-04-10,2026,3,7,2026-04-01,2026-04-06,2026-04-12,5
2026-04-11,2026,3,7,2026-04-01,2026-04-06,2026-04-12,6
2026-04-12,2026,3,7,2026-04-01,2026-04-06,2026-04-12,7
2026-04-13,2026,3,7,2026-04-01,2026-04-13,2026-04-19,1
2026-04-14,2026,3,7,2026-04-01,2026-04-13,2026-04-19,2
2026-04-15,2026,3,7,2026-04-01,2026-04-13,2026-04-19,3
2026-04-16,2026,3,7,2026-04-01,2026-04-13,2026-04-19,4
2026-04-17,2026,3,7,2026-04-01,2026-04-13,2026-04-19,5
2026-04-18,2026,3,7,2026-04-01,2026-04-13,2026-04-19,6
2026-04-19,2026,3,7,2026-04-01,2026-04-13,2026-04-19,7
2026-04-20,2026,3,7,2026-04-01,2026-04-20,2026-04-26,1
2026-04-21,2026,3,7,2026-04-01,2026-04-20,2026-04-26,2
2026-04-22,2026,3,7,2026-04-01,2026-04-20,2026-04-26,3
2026-04-23,2026,3,7,2026-04-01,2026-04-20,2026-04-26,4
2026-04-24,2026,3,7,2026-04-01,2026-04-20,2026-04-26,5
2026-04-25,2026,3,7,2026-04-01,2026-04-20,2026-04-26,6
2026-04-26,2026,3,7,2026-04-01,2026-04-20,2026-04-26,7
2026-04-27,2026,3,7,2026-04-01,2026-04-27,2026-05-03,1
2026-04-28,2026,3,7,2026-04-01,2026-04-27,2026-05-03,2
2026-04-29,2026,3,7,2026-04-01,2026-04-27,2026-05-03,3
2026-04-30,2026,3,7,2026-04-01,2026-04-27,2026-05-03,4
2026-05-01,2026,3,8,2026-05-01,2026-04-27,2026-05-03,5
2026-05-02,2026,3,8,2026-05-01,2026-04-27,2026-05-03,6
2026-05-03,2026,3,8,2026-05-01,2026-04-27,2026-05-03,7
2026-05-04,2026,3,8,2026-05-01,2026-05-04,2026-05-10,1
2026-05-05,2026,3,8,2026-05-01,2026-05-04,2026-05-10,2
2026-05-06,2026,3,8,2026-05-01,2026-05-04,2026-05-10,3
2026-05-07,2026,3,8,2026-05-01,2026-05-04,2026-05-10,4
2026-05-08,2026,3,8,2026-05-01,2026-05-04,2026-05-10,5
2026-05-09,2026,3,8,2026-05-01,2026-05-04,2026-05-10,6
2026-05-10,2026,3,8,2026-05-01,2026-05-04,2026-05-10,7
2026-05-11,2026,3,8,2026-05-01,2026-05-11,2026-05-17,1
2026-05-12,2026,3,8,2026-05-01,2026-05-11,2026-05-17,2
2026-05-13,2026,3,8,2026-05-01,2026-05-11,2026-05-17,3
2026-05-14,2026,3,8,2026-05-01,2026-05-11,2026-05-17,4
2026-05-15,2026,3,8,2026-05-01,2026-05-11,2026-05-17,5
2026-05-16,2026,3,8,2026-05-01,2026-05-11,2026-05-17,6
2026-05-17,2026,3,8,2026-05-01,2026-05-11,2026-05-17,7
2026-05-18,2026,3,8,2026-05-01,2026-05-18,2026-05-24,1
2026-05-19,2026,3,8,2026-05-01,2026-05-18,2026-05-24,2
2026-05-20,2026,3,8,2026-05-01,2026-05-18,2026-05-24,3
2026-05-21,2026,3,8,2026-05-01,2026-05-18,2026-05-24,4
2026-05-22,2026,3,8,2026-05-01,2026-05-18,2026-05-24,5
2026-05-23,2026,3,8,2026-05-01,2026-05-18,2026-05-24,6
2026-05-24,2026,3,8,2026-05-01,2026-05-18,2026-05-24,7
2026-05-25,2026,3,8,2026-05-01,2026-05-25,2026-05-31,1
2026-05-26,2026,3,8,2026-05-01,2026-05-25,2026-05-31,2
2026-05-27,2026,3,8,2026-05-01,2026-05-25,2026-05-31,3
2026-05-28,2026,3,8,2026-05-01,2026-05-25,2026-05-31,4
2026-05-29,2026,3,8,2026-05-01,2026-05-25,2026-05-31,5
2026-05-30,2026,3,8,2026-05-01,2026-05-25,2026-05-31,6
2026-05-31,2026,3,8,2026-05-01,2026-05-25,2026-05-31,7
2026-06-01,2026,3,9,2026-06-01,2026-06-01,2026-06-07,1
2026-06-02,2026,3,9,2026-06-01,2026-06-01,2026-06-07,2
2026-06-03,2026,3,9,2026-06-01,2026-06-01,2026-06-07,3
2026-06-04,2026,3,9,2026-06-01,2026-06-01,2026-06-07,4
2026-06-05,2026,3,9,2026-06-01,2026-06-01,2026-06-07,5
2026-06-06,2026,3,9,2026-06-01,2026-06-01,2026-06-07,6
2026-06-07,2026,3,9,2026-06-01,2026-06-01,2026-06-07,7
2026-06-08,2026,3,9,2026-06-01,2026-06-08,2026-06-14,1
2026-06-09,2026,3,9,2026-06-01,2026-06-08,2026-06-14,2
2026-06-10,2026,3,9,2026-06-01,2026-06-08,2026-06-14,3
2026-06-11,2026,3,9,2026-06-01,2026-06-08,2026-06-14,4
2026-06-12,2026,3,9,2026-06-01,2026-06-08,2026-06-14,5
2026-06-13,2026,3,9,2026-06-01,2026-06-08,2026-06-14,6
2026-06-14,2026,3,9,2026-06-01,2026-06-08,2026-06-14,7
2026-06-15,2026,3,9,2026-06-01,2026-06-15,2026-06-21,1
2026-06-16,2026,3,9,2026-06-01,2026-06-15,2026-06-21,2
2026-06-17,2026,3,9,2026-06-01,2026-06-15,2026-06-21,3
2026-06-18,2026,3,9,2026-06-01,2026-06-15,2026-06-21,4
2026-06-19,2026,3,9,2026-06-01,2026-06-15,2026-06-21,5
2026-06-20,2026,3,9,2026-06-01,2026-06-15,2026-06-21,6
2026-06-21,2026,3,9,2026-06-01,2026-06-15,2026-06-21,7
2026-06-22,2026,3,9,2026-06-01,2026-06-22,2026-06-28,1
2026-06-23,2026,3,9,2026-06-01,2026-06-22,2026-06-28,2
2026-06-24,2026,3,9,2026-06-01,2026-06-22,2026-06-28,3
2026-06-25,2026,3,9,2026-06-01,2026-06-22,2026-06-28,4
2026-06-26,2026,3,9,2026-06-01,2026-06-22,2026-06-28,5
2026-06-27,2026,3,9,2026-06-01,2026-06-22,2026-06-28,6
2026-06-28,2026,3,9,2026-06-01,2026-06-22,2026-06-28,7
2026-06-29,2026,3,9,2026-06-01,2026-06-29,2026-07-05,1
2026-06-30,2026,3,9,2026-06-01,2026-06-29,2026-07-05,2
2026-07-01,2026,4,10,2026-07-01,2026-06-29,2026-07-05,3
2026-07-02,2026,4,10,2026-07-01,2026-06-29,2026-07-05,4
2026-07-03,2026,4,10,2026-07-01,2026-06-29,2026-07-05,5
2026-07-04,2026,4,10,2026-07-01,2026-06-29,2026-07-05,6
2026-07-05,2026,4,10,2026-07-01,2026-06-29,2026-07-05,7
2026-07-06,2026,4,10,2026-07-01,2026-07-06,2026-07-12,1
2026-07-07,2026,4,10,2026-07-01,2026-07-06,2026-07-12,2
2026-07-08,2026,4,10,2026-07-01,2026-07-06,2026-07-12,3
2026-07-09,2026,4,10,2026-07-01,2026-07-06,2026-07-12,4
2026-07-10,2026,4,10,2026-07-01,2026-07-06,2026-07-12,5
2026-07-11,2026,4,10,2026-07-01,2026-07-06,2026-07-12,6
2026-07-12,2026,4,10,2026-07-01,2026-07-06,2026-07-12,7
2026-07-13,2026,4,10,2026-07-01,2026-07-13,2026-07-19,1
2026-07-14,2026,4,10,2026-07-01,2026-07-13,2026-07-19,2
2026-07-15,2026,4,10,2026-07-01,2026-07-13,2026-07-19,3
2026-07-16,2026,4,10,2026-07-01,2026-07-13,2026-07-19,4
2026-07-17,2026,4,10,2026-07-01,2026-07-13,2026-07-19,5
2026-07-18,2026,4,10,2026-07-01,2026-07-13,2026-07-19,6
2026-07-19,2026,4,10,2026-07-01,2026-07-13,2026-07-19,7
2026-07-20,2026,4,10,2026-07-01,2026-07-20,2026-07-26,1
2026-07-21,2026,4,10,2026-07-01,2026-07-20,2026-07-26,2
2026-07-22,2026,4,10,2026-07-01,2026-07-20,2026-07-26,3
2026-07-23,2026,4,10,2026-07-01,2026-07-20,2026-07-26,4
2026-07-24,2026,4,10,2026-07-01,2026-07-20,2026-07-26,5
2026-07-25,2026,4,10,2026-07-01,2026-07-20,2026-07-26,6
2026-07-26,2026,4,10,2026-07-01,2026-07-20,2026-07-26,7
2026-07-27,2026,4,10,2026-07-01,2026-07-27,2026-08-02,1
2026-07-28,2026,4,10,2026-07-01,2026-07-27,2026-08-02,2
2026-07-29,2026,4,10,2026-07-01,2026-07-27,2026-08-02,3
2026-07-30,2026,4,10,2026-07-01,2026-07-27,2026-08-02,4
2026-07-31,2026,4,10,2026-07-01,2026-07-27,2026-08-02,5
2026-08-01,2026,4,11,2026-08-01,2026-07-27,2026-08-02,6
2026-08-02,2026,4,11,2026-08-01,2026-07-27,2026-08-02,7
2026-08-03,2026,4,11,2026-08-01,2026-08-03,2026-08-09,1
2026-08-04,2026,4,11,2026-08-01,2026-08-03,2026-08-09,2
2026-08-05,2026,4,11,2026-08-01,2026-08-03,2026-08-09,3
2026-08-06,2026,4,11,2026-08-01,2026-08-03,2026-08-09,4
2026-08-07,2026,4,11,2026-08-01,2026-08-03,2026-08-09,5
2026-08-08,2026,4,11,2026-08-01,2026-08-03,2026-08-09,6
2026-08-09,2026,4,11,2026-08-01,2026-08-03,2026-08-09,7
2026-08-10,2026,4,11,2026-08-01,2026-08-10,2026-08-16,1
2026-08-11,2026,4,11,2026-08-01,2026-08-10,2026-08-16,2
2026-08-12,2026,4,11,2026-08-01,2026-08-10,2026-08-16,3
2026-08-13,2026,4,11,2026-08-01,2026-08-10,2026-08-16,4
2026-08-14,2026,4,11,2026-08-01,2026-08-10,2026-08-16,5
2026-08-15,2026,4,11,2026-08-01,2026-08-10,2026-08-16,6
2026-08-16,2026,4,11,2026-08-01,2026-08-10,2026-08-16,7
2026-08-17,2026,4,11,2026-08-01,2026-08-17,2026-08-23,1
2026-08-18,2026,4,11,2026-08-01,2026-08-17,2026-08-23,2
2026-08-19,2026,4,11,2026-08-01,2026-08-17,2026-08-23,3
2026-08-20,2026,4,11,2026-08-01,2026-08-17,2026-08-23,4
2026-08-21,2026,4,11,2026-08-01,2026-08-17,2026-08-23,5
2026-08-22,2026,4,11,2026-08-01,2026-08-17,2026-08-23,6
2026-08-23,2026,4,11,2026-08-01,2026-08-17,2026-08-23,7
2026-08-24,2026,4,11,2026-08-01,2026-08-24,2026-08-30,1
2026-08-25,2026,4,11,2026-08-01,2026-08-24,2026-08-30,2
2026-08-26,2026,4,11,2026-08-01,2026-08-24,2026-08-30,3
2026-08-27,2026,4,11,2026-08-01,2026-08-24,2026-08-30,4
2026-08-28,2026,4,11,2026-08-01,2026-08-24,2026-08-30,5
2026-08-29,2026,4,11,2026-08-01,2026-08-24,2026-08-30,6
2026-08-30,2026,4,11,2026-08-01,2026-08-24,2026-08-30,7
2026-08-31,2026,4,11,2026-08-01,2026-08-31,2026-09-06,1
2026-09-01,2026,4,12,2026-09-01,2026-08-31,2026-09-06,2
2026-09-02,2026,4,12,2026-09-01,2026-08-31,2026-09-06,3
2026-09-03,2026,4,12,2026-09-01,2026-08-31,2026-09-06,4
2026-09-04,2026,4,12,2026-09-01,2026-08-31,2026-09-06,5
2026-09-05,2026,4,12,2026-09-01,2026-08-31,2026-09-06,6
2026-09-06,2026,4,12,2026-09-01,2026-08-31,2026-09-06,7
2026-09-07,2026,4,12,2026-09-01,2026-09-07,2026-09-13,1
2026-09-08,2026,4,12,2026-09-01,2026-09-07,2026-09-13,2
2026-09-09,2026,4,12,2026-09-01,2026-09-07,2026-09-13,3
2026-09-10,2026,4,12,2026-09-01,2026-09-07,2026-09-13,4
2026-09-11,2026,4,12,2026-09-01,2026-09-07,2026-09-13,5
2026-09-12,2026,4,12,2026-09-01,2026-09-07,2026-09-13,6
2026-09-13,2026,4,12,2026-09-01,2026-09-07,2026-09-13,7
2026-09-14,2026,4,12,2026-09-01,2026-09-14,2026-09-20,1
2026-09-15,2026,4,12,2026-09-01,2026-09-14,2026-09-20,2
2026-09-16,2026,4,12,2026-09-01,2026-09-14,2026-09-20,3
2026-09-17,2026,4,12,2026-09-01,2026-09-14,2026-09-20,4
2026-09-18,2026,4,12,2026-09-01,2026-09-14,2026-09-20,5
2026-09-19,2026,4,12,2026-09-01,2026-09-14,2026-09-20,6
2026-09-20,2026,4,12,2026-09-01,2026-09-14,2026-09-20,7
2026-09-21,2026,4,12,2026-09-01,2026-09-21,2026-09-27,1
2026-09-22,2026,4,12,2026-09-01,2026-09-21,2026-09-27,2
2026-09-23,2026,4,12,2026-09-01,2026-09-21,2026-09-27,3
2026-09-24,2026,4,12,2026-09-01,2026-09-21,2026-09-27,4
2026-09-25,2026,4,12,2026-09-01,2026-09-21,2026-09-27,5
2026-09-26,2026,4,12,2026-09-01,2026-09-21,2026-09-27,6
2026-09-27,2026,4,12,2026-09-01,2026-09-21,2026-09-27,7
2026-09-28,2026,4,12,2026-09-01,2026-09-28,2026-10-04,1
2026-09-29,2026,4,12,2026-09-01,2026-09-28,2026-10-04,2
2026-09-30,2026,4,12,2026-09-01,2026-09-28,2026-10-04,3
2026-10-01,2027,1,1,2026-10-01,2026-09-28,2026-10-04,4
2026-10-02,2027,1,1,2026-10-01,2026-09-28,2026-10-04,5
2026-10-03,2027,1,1,2026-10-01,2026-09-28,2026-10-04,6
2026-10-04,2027,1,1,2026-10-01,2026-09-28,2026-10-04,7
2026-10-05,2027,1,1,2026-10-01,2026-10-05,2026-10-11,1
2026-10-06,2027,1,1,2026-10-01,2026-10-05,2026-10-11,2
2026-10-07,2027,1,1,2026-10-01,2026-10-05,2026-10-11,3
2026-10-08,2027,1,1,2026-10-01,2026-10-05,2026-10-11,4
2026-10-09,2027,1,1,2026-10-01,2026-10-05,2026-10-11,5
2026-10-10,2027,1,1,2026-10-01,2026-10-05,2026-10-11,6
2026-10-11,2027,1,1,2026-10-01,2026-10-05,2026-10-11,7
2026-10-12,2027,1,1,2026-10-01,2026-10-12,2026-10-18,1
2026-10-13,2027,1,1,2026-10-01,2026-10-12,2026-10-18,2
2026-10-14,2027,1,1,2026-10-01,2026-10-12,2026-10-18,3
2026-10-15,2027,1,1,2026-10-01,2026-10-12,2026-10-18,4
2026-10-16,2027,1,1,2026-10-01,2026-10-12,2026-10-18,5
2026-10-17,2027,1,1,2026-10-01,2026-10-12,2026-10-18,6
2026-10-18,2027,1,1,2026-10-01,2026-10-12,2026-10-18,7
2026-10-19,2027,1,1,2026-10-01,2026-10-19,2026-10-25,1
2026-10-20,2027,1,1,2026-10-01,2026-10-19,2026-10-25,2
2026-10-21,2027,1,1,2026-10-01,2026-10-19,2026-10-25,3
2026-10-22,2027,1,1,2026-10-01,2026-10-19,2026-10-25,4
2026-10-23,2027,1,1,2026-10-01,2026-10-19,2026-10-25,5
2026-10-24,2027,1,1,2026-10-01,2026-10-19,2026-10-25,6
2026-10-25,2027,1,1,2026-10-01,2026-10-19,2026-10-25,7
2026-10-26,2027,1,1,2026-10-01,2026-10-26,2026-11-01,1
2026-10-27,2027,1,1,2026-10-01,2026-10-26,2026-11-01,2
2026-10-28,2027,1,1,2026-10-01,2026-10-26,2026-11-01,3
2026-10-29,2027,1,1,2026-10-01,2026-10-26,2026-11-01,4
2026-10-30,2027,1,1,2026-10-01,2026-10-26,2026-11-01,5
2026-10-31,2027,1,1,2026-10-01,2026-10-26,2026-11-01,6
2026-11-01,2027,1,2,2026-11-01,2026-10-26,2026-11-01,7
2026-11-02,2027,1,2,2026-11-01,2026-11-02,2026-11-08,1
2026-11-03,2027,1,2,2026-11-01,2026-11-02,2026-11-08,2
2026-11-04,2027,1,2,2026-11-01,2026-11-02,2026-11-08,3
2026-11-05,2027,1,2,2026-11-01,2026-11-02,2026-11-08,4
2026-11-06,2027,1,2,2026-11-01,2026-11-02,2026-11-08,5
2026-11-07,2027,1,2,2026-11-01,2026-11-02,2026-11-08,6
2026-11-08,2027,1,2,2026-11-01,2026-11-02,2026-11-08,7
2026-11-09,2027,1,2,2026-11-01,2026-11-09,2026-11-15,1
2026-11-10,2027,1,2,2026-11-01,2026-11-09,2026-11-15,2
2026-11-11,2027,1,2,2026-11-01,2026-11-09,2026-11-15,3
2026-11-12,2027,1,2,2026-11-01,2026-11-09,2026-11-15,4
2026-11-13,2027,1,2,2026-11-01,2026-11-09,2026-11-15,5
2026-11-14,2027,1,2,2026-11-01,2026-11-09,2026-11-15,6
2026-11-15,2027,1,2,2026-11-01,2026-11-09,2026-11-15,7
2026-11-16,2027,1,2,2026-11-01,2026-11-16,2026-11-22,1
2026-11-17,2027,1,2,2026-11-01,2026-11-16,2026-11-22,2
2026-11-18,2027,1,2,2026-11-01,2026-11-16,2026-11-22,3
2026-11-19,2027,1,2,2026-11-01,2026-11-16,2026-11-22,4
2026-11-20,2027,1,2,2026-11-01,2026-11-16,2026-11-22,5
2026-11-21,2027,1,2,2026-11-01,2026-11-16,2026-11-22,6
2026-11-22,2027,1,2,2026-11-01,2026-11-16,2026-11-22,7
2026-11-23,2027,1,2,2026-11-01,2026-11-23,2026-11-29,1
2026-11-24,2027,1,2,2026-11-01,2026-11-23,2026-11-29,2
2026-11-25,2027,1,2,2026-11-01,2026-11-23,2026-11-29,3
2026-11-26,2027,1,2,2026-11-01,2026-11-23,2026-11-29,4
2026-11-27,2027,1,2,2026-11-01,2026-11-23,2026-11-29,5
2026-11-28,2027,1,2,2026-11-01,2026-11-23,2026-11-29,6
2026-11-29,2027,1,2,2026-11-01,2026-11-23,2026-11-29,7
2026-11-30,2027,1,2,2026-11-01,2026-11-30,2026-12-06,1
2026-12-01,2027,1,3,2026-12-01,2026-11-30,2026-12-06,2
2026-12-02,2027,1,3,2026-12-01,2026-11-30,2026-12-06,3
2026-12-03,2027,1,3,2026-12-01,2026-11-30,2026-12-06,4
2026-12-04,2027,1,3,2026-12-01,2026-11-30,2026-12-06,5
2026-12-05,2027,1,3,2026-12-01,2026-11-30,2026-12-06,6
2026-12-06,2027,1,3,2026-12-01,2026-11-30,2026-12-06,7
2026-12-07,2027,1,3,2026-12-01,2026-12-07,2026-12-13,1
2026-12-08,2027,1,3,2026-12-01,2026-12-07,2026-12-13,2
2026-12-09,2027,1,3,2026-12-01,2026-12-07,2026-12-13,3
2026-12-10,2027,1,3,2026-12-01,2026-12-07,2026-12-13,4
2026-12-11,2027,1,3,2026-12-01,2026-12-07,2026-12-13,5
2026-12-12,2027,1,3,2026-12-01,2026-12-07,2026-12-13,6
2026-12-13,2027,1,3,2026-12-01,2026-12-07,2026-12-13,7
2026-12-14,2027,1,3,2026-12-01,2026-12-14,2026-12-20,1
2026-12-15,2027,1,3,2026-12-01,2026-12-14,2026-12-20,2
2026-12-16,2027,1,3,2026-12-01,2026-12-14,2026-12-20,3
2026-12-17,2027,1,3,2026-12-01,2026-12-14,2026-12-20,4
2026-12-18,2027,1,3,2026-12-01,2026-12-14,2026-12-20,5
2026-12-19,2027,1,3,2026-12-01,2026-12-14,2026-12-20,6
2026-12-20,2027,1,3,2026-12-01,2026-12-14,2026-12-20,7
2026-12-21,2027,1,3,2026-12-01,2026-12-21,2026-12-27,1
2026-12-22,2027,1,3,2026-12-01,2026-12-21,2026-12-27,2
2026-12-23,2027,1,3,2026-12-01,2026-12-21,2026-12-27,3
2026-12-24,2027,1,3,2026-12-01,2026-12-21,2026-12-27,4
2026-12-25,2027,1,3,2026-12-01,2026-12-21,2026-12-27,5
2026-12-26,2027,1,3,2026-12-01,2026-12-21,2026-12-27,6
2026-12-27,2027,1,3,2026-12-01,2026-12-21,2026-12-27,7
2026-12-28,2027,1,3,2026-12-01,2026-12-28,2027-01-03,1
2026-12-29,2027,1,3,2026-12-01,2026-12-28,2027-01-03,2
2026-12-30,2027,1,3,2026-12-01,2026-12-28,2027-01-03,3
2026-12-31,2027,1,3,2026-12-01,2026-12-28,2027-01-03,4
2027-01-01,2027,2,4,2027-01-01,2026-12-28,2027-01-03,5
2027-01-02,2027,2,4,2027-01-01,2026-12-28,2027-01-03,6
2027-01-03,2027,2,4,2027-01-01,2026-12-28,2027-01-03,7
2027-01-04,2027,2,4,2027-01-01,2027-01-04,2027-01-10,1
2027-01-05,2027,2,4,2027-01-01,2027-01-04,2027-01-10,2
2027-01-06,2027,2,4,2027-01-01,2027-01-04,2027-01-10,3
2027-01-07,2027,2,4,2027-01-01,2027-01-04,2027-01-10,4
2027-01-08,2027,2,4,2027-01-01,2027-01-04,2027-01-10,5
2027-01-09,2027,2,4,2027-01-01,2027-01-04,2027-01-10,6
2027-01-10,2027,2,4,2027-01-01,2027-01-04,2027-01-10,7
2027-01-11,2027,2,4,2027-01-01,2027-01-11,2027-01-17,1
2027-01-12,2027,2,4,2027-01-01,2027-01-11,2027-01-17,2
2027-01-13,2027,2,4,2027-01-01,2027-01-11,2027-01-17,3
2027-01-14,2027,2,4,2027-01-01,2027-01-11,2027-01-17,4
2027-01-15,2027,2,4,2027-01-01,2027-01-11,2027-01-17,5
2027-01-16,2027,2,4,2027-01-01,2027-01-11,2027-01-17,6
2027-01-17,2027,2,4,2027-01-01,2027-01-11,2027-01-17,7
2027-01-18,2027,2,4,2027-01-01,2027-01-18,2027-01-24,1
2027-01-19,2027,2,4,2027-01-01,2027-01-18,2027-01-24,2
2027-01-20,2027,2,4,2027-01-01,2027-01-18,2027-01-24,3
2027-01-21,2027,2,4,2027-01-01,2027-01-18,2027-01-24,4
2027-01-22,2027,2,4,2027-01-01,2027-01-18,2027-01-24,5
2027-01-23,2027,2,4,2027-01-01,2027-01-18,2027-01-24,6
2027-01-24,2027,2,4,2027-01-01,2027-01-18,2027-01-24,7
2027-01-25,2027,2,4,2027-01-01,2027-01-25,2027-01-31,1
2027-01-26,2027,2,4,2027-01-01,2027-01-25,2027-01-31,2
2027-01-27,2027,2,4,2027-01-01,2027-01-25,2027-01-31,3
2027-01-28,2027,2,4,2027-01-01,2027-01-25,2027-01-31,4
2027-01-29,2027,2,4,2027-01-01,2027-01-25,2027-01-31,5
2027-01-30,2027,2,4,2027-01-01,2027-01-25,2027-01-31,6
2027-01-31,2027,2,4,2027-01-01,2027-01-25,2027-01-31,7
2027-02-01,2027,2,5,2027-02-01,2027-02-01,2027-02-07,1
2027-02-02,2027,2,5,2027-02-01,2027-02-01,2027-02-07,2
2027-02-03,2027,2,5,2027-02-01,2027-02-01,2027-02-07,3
2027-02-04,2027,2,5,2027-02-01,2027-02-01,2027-02-07,4
2027-02-05,2027,2,5,2027-02-01,2027-02-01,2027-02-07,5
2027-02-06,2027,2,5,2027-02-01,2027-02-01,2027-02-07,6
2027-02-07,2027,2,5,2027-02-01,2027-02-01,2027-02-07,7
2027-02-08,2027,2,5,2027-02-01,2027-02-08,2027-02-14,1
2027-02-09,2027,2,5,2027-02-01,2027-02-08,2027-02-14,2
2027-02-10,2027,2,5,2027-02-01,2027-02-08,2027-02-14,3
2027-02-11,2027,2,5,2027-02-01,2027-02-08,2027-02-14,4
2027-02-12,2027,2,5,2027-02-01,2027-02-08,2027-02-14,5
2027-02-13,2027,2,5,2027-02-01,2027-02-08,2027-02-14,6
2027-02-14,2027,2,5,2027-02-01,2027-02-08,2027-02-14,7
2027-02-15,2027,2,5,2027-02-01,2027-02-15,2027-02-21,1
2027-02-16,2027,2,5,2027-02-01,2027-02-15,2027-02-21,2
2027-02-17,2027,2,5,2027-02-01,2027-02-15,2027-02-21,3
2027-02-18,2027,2,5,2027-02-01,2027-02-15,2027-02-21,4
2027-02-19,2027,2,5,2027-02-01,2027-02-15,2027-02-21,5
2027-02-20,2027,2,5,2027-02-01,2027-02-15,2027-02-21,6
2027-02-21,2027,2,5,2027-02-01,2027-02-15,2027-02-21,7
2027-02-22,2027,2,5,2027-02-01,2027-02-22,2027-02-28,1
2027-02-23,2027,2,5,2027-02-01,2027-02-22,2027-02-28,2
2027-02-24,2027,2,5,2027-02-01,2027-02-22,2027-02-28,3
2027-02-25,2027,2,5,2027-02-01,2027-02-22,2027-02-28,4
2027-02-26,2027,2,5,2027-02-01,2027-02-22,2027-02-28,5
2027-02-27,2027,2,5,2027-02-01,2027-02-22,2027-02-28,6
2027-02-28,2027,2,5,2027-02-01,2027-02-22,2027-02-28,7
2027-03-01,2027,2,6,2027-03-01,2027-03-01,2027-03-07,1
2027-03-02,2027,2,6,2027-03-01,2027-03-01,2027-03-07,2
2027-03-03,2027,2,6,2027-03-01,2027-03-01,2027-03-07,3
2027-03-04,2027,2,6,2027-03-01,2027-03-01,2027-03-07,4
2027-03-05,2027,2,6,2027-03-01,2027-03-01,2027-03-07,5
2027-03-06,2027,2,6,2027-03-01,2027-03-01,2027-03-07,6
2027-03-07,2027,2,6,2027-03-01,2027-03-01,2027-03-07,7
2027-03-08,2027,2,6,2027-03-01,2027-03-08,2027-03-14,1
2027-03-09,2027,2,6,2027-03-01,2027-03-08,2027-03-14,2
2027-03-10,2027,2,6,2027-03-01,2027-03-08,2027-03-14,3
2027-03-11,2027,2,6,2027-03-01,2027-03-08,2027-03-14,4
2027-03-12,2027,2,6,2027-03-01,2027-03-08,2027-03-14,5
2027-03-13,2027,2,6,2027-03-01,2027-03-08,2027-03-14,6
2027-03-14,2027,2,6,2027-03-01,2027-03-08,2027-03-14,7
2027-03-15,2027,2,6,2027-03-01,2027-03-15,2027-03-21,1
2027-03-16,2027,2,6,2027-03-01,2027-03-15,2027-03-21,2
2027-03-17,2027,2,6,2027-03-01,2027-03-15,2027-03-21,3
2027-03-18,2027,2,6,2027-03-01,2027-03-15,2027-03-21,4
2027-03-19,2027,2,6,2027-03-01,2027-03-15,2027-03-21,5
2027-03-20,2027,2,6,2027-03-01,2027-03-15,2027-03-21,6
2027-03-21,2027,2,6,2027-03-01,2027-03-15,2027-03-21,7
2027-03-22,2027,2,6,2027-03-01,2027-03-22,2027-03-28,1
2027-03-23,2027,2,6,2027-03-01,2027-03-22,2027-03-28,2
2027-03-24,2027,2,6,2027-03-01,2027-03-22,2027-03-28,3
2027-03-25,2027,2,6,2027-03-01,2027-03-22,2027-03-28,4
2027-03-26,2027,2,6,2027-03-01,2027-03-22,2027-03-28,5
2027-03-27,2027,2,6,2027-03-01,2027-03-22,2027-03-28,6
2027-03-28,2027,2,6,2027-03-01,2027-03-22,2027-03-28,7
2027-03-29,2027,2,6,2027-03-01,2027-03-29,2027-04-04,1
2027-03-30,2027,2,6,2027-03-01,2027-03-29,2027-04-04,2
2027-03-31,2027,2,6,2027-03-01,2027-03-29,2027-04-04,3
2027-04-01,2027,3,7,2027-04-01,2027-03-29,2027-04-04,4
2027-04-02,2027,3,7,2027-04-01,2027-03-29,2027-04-04,5
2027-04-03,2027,3,7,2027-04-01,2027-03-29,2027-04-04,6
2027-04-04,2027,3,7,2027-04-01,2027-03-29,2027-04-04,7
2027-04-05,2027,3,7,2027-04-01,2027-04-05,2027-04-11,1
2027-04-06,2027,3,7,2027-04-01,2027-04-05,2027-04-11,2
2027-04-07,2027,3,7,2027-04-01,2027-04-05,2027-04-11,3
2027-04-08,2027,3,7,2027-04-01,2027-04-05,2027-04-11,4
2027-04-09,2027,3,7,2027-04-01,2027-04-05,2027-04-11,5
2027-04-10,2027,3,7,2027-04-01,2027-04-05,2027-04-11,6
2027-04-11,2027,3,7,2027-04-01,2027-04-05,2027-04-11,7
2027-04-12,2027,3,7,2027-04-01,2027-04-12,2027-04-18,1
2027-04-13,2027,3,7,2027-04-01,2027-04-12,2027-04-18,2
2027-04-14,2027,3,7,2027-04-01,2027-04-12,2027-04-18,3
2027-04-15,2027,3,7,2027-04-01,2027-04-12,2027-04-18,4
2027-04-16,2027,3,7,2027-04-01,2027-04-12,2027-04-18,5
2027-04-17,2027,3,7,2027-04-01,2027-04-12,2027-04-18,6
2027-04-18,2027,3,7,2027-04-01,2027-04-12,2027-04-18,7
2027-04-19,2027,3,7,2027-04-01,2027-04-19,2027-04-25,1
2027-04-20,2027,3,7,2027-04-01,2027-04-19,2027-04-25,2
2027-04-21,2027,3,7,2027-04-01,2027-04-19,2027-04-25,3
2027-04-22,2027,3,7,2027-04-01,2027-04-19,2027-04-25,4
2027-04-23,2027,3,7,2027-04-01,2027-04-19,2027-04-25,5
2027-04-24,2027,3,7,2027-04-01,2027-04-19,2027-04-25,6
2027-04-25,2027,3,7,2027-04-01,2027-04-19,2027-04-25,7
2027-04-26,2027,3,7,2027-04-01,2027-04-26,2027-05-02,1
2027-04-27,2027,3,7,2027-04-01,2027-04-26,2027-05-02,2
2027-04-28,2027,3,7,2027-04-01,2027-04-26,2027-05-02,3
2027-04-29,2027,3,7,2027-04-01,2027-04-26,2027-05-02,4
2027-04-30,2027,3,7,2027-04-01,2027-04-26,2027-05-02,5
2027-05-01,2027,3,8,2027-05-01,2027-04-26,2027-05-02,6
2027-05-02,2027,3,8,2027-05-01,2027-04-26,2027-05-02,7
2027-05-03,2027,3,8,2027-05-01,2027-05-03,2027-05-09,1
2027-05-04,2027,3,8,2027-05-01,2027-05-03,2027-05-09,2
2027-05-05,2027,3,8,2027-05-01,2027-05-03,2027-05-09,3
2027-05-06,2027,3,8,2027-05-01,2027-05-03,2027-05-09,4
2027-05-07,2027,3,8,2027-05-01,2027-05-03,2027-05-09,5
2027-05-08,2027,3,8,2027-05-01,2027-05-03,2027-05-09,6
2027-05-09,2027,3,8,2027-05-01,2027-05-03,2027-05-09,7
2027-05-10,2027,3,8,2027-05-01,2027-05-10,2027-05-16,1
2027-05-11,2027,3,8,2027-05-01,2027-05-10,2027-05-16,2
2027-05-12,2027,3,8,2027-05-01,2027-05-10,2027-05-16,3
2027-05-13,2027,3,8,2027-05-01,2027-05-10,2027-05-16,4
2027-05-14,2027,3,8,2027-05-01,2027-05-10,2027-05-16,5
2027-05-15,2027,3,8,2027-05-01,2027-05-10,2027-05-16,6
2027-05-16,2027,3,8,2027-05-01,2027-05-10,2027-05-16,7
2027-05-17,2027,3,8,2027-05-01,2027-05-17,2027-05-23,1
2027-05-18,2027,3,8,2027-05-01,2027-05-17,2027-05-23,2
2027-05-19,2027,3,8,2027-05-01,2027-05-17,2027-05-23,3
2027-05-20,2027,3,8,2027-05-01,2027-05-17,2027-05-23,4
2027-05-21,2027,3,8,2027-05-01,2027-05-17,2027-05-23,5
2027-05-22,2027,3,8,2027-05-01,2027-05-17,2027-05-23,6
2027-05-23,2027,3,8,2027-05-01,2027-05-17,2027-05-23,7
2027-05-24,2027,3,8,2027-05-01,2027-05-24,2027-05-30,1
2027-05-25,2027,3,8,2027-05-01,2027-05-24,2027-05-30,2
2027-05-26,2027,3,8,2027-05-01,2027-05-24,2027-05-30,3
2027-05-27,2027,3,8,2027-05-01,2027-05-24,2027-05-30,4
2027-05-28,2027,3,8,2027-05-01,2027-05-24,2027-05-30,5
2027-05-29,2027,3,8,2027-05-01,2027-05-24,2027-05-30,6
2027-05-30,2027,3,8,2027-05-01,2027-05-24,2027-05-30,7
2027-05-31,2027,3,8,2027-05-01,2027-05-31,2027-06-06,1
2027-06-01,2027,3,9,2027-06-01,2027-05-31,2027-06-06,2
2027-06-02,2027,3,9,2027-06-01,2027-05-31,2027-06-06,3
2027-06-03,2027,3,9,2027-06-01,2027-05-31,2027-06-06,4
2027-06-04,2027,3,9,2027-06-01,2027-05-31,2027-06-06,5
2027-06-05,2027,3,9,2027-06-01,2027-05-31,2027-06-06,6
2027-06-06,2027,3,9,2027-06-01,2027-05-31,2027-06-06,7
2027-06-07,2027,3,9,2027-06-01,2027-06-07,2027-06-13,1
2027-06-08,2027,3,9,2027-06-01,2027-06-07,2027-06-13,2
2027-06-09,2027,3,9,2027-06-01,2027-06-07,2027-06-13,3
2027-06-10,2027,3,9,2027-06-01,2027-06-07,2027-06-13,4
2027-06-11,2027,3,9,2027-06-01,2027-06-07,2027-06-13,5
2027-06-12,2027,3,9,2027-06-01,2027-06-07,2027-06-13,6
2027-06-13,2027,3,9,2027-06-01,2027-06-07,2027-06-13,7
2027-06-14,2027,3,9,2027-06-01,2027-06-14,2027-06-20,1
2027-06-15,2027,3,9,2027-06-01,2027-06-14,2027-06-20,2
2027-06-16,2027,3,9,2027-06-01,2027-06-14,2027-06-20,3
2027-06-17,2027,3,9,2027-06-01,2027-06-14,2027-06-20,4
2027-06-18,2027,3,9,2027-06-01,2027-06-14,2027-06-20,5
2027-06-19,2027,3,9,2027-06-01,2027-06-14,2027-06-20,6
2027-06-20,2027,3,9,2027-06-01,2027-06-14,2027-06-20,7
2027-06-21,2027,3,9,2027-06-01,2027-06-21,2027-06-27,1
2027-06-22,2027,3,9,2027-06-01,2027-06-21,2027-06-27,2
2027-06-23,2027,3,9,2027-06-01,2027-06-21,2027-06-27,3
2027-06-24,2027,3,9,2027-06-01,2027-06-21,2027-06-27,4
2027-06-25,2027,3,9,2027-06-01,2027-06-21,2027-06-27,5
2027-06-26,2027,3,9,2027-06-01,2027-06-21,2027-06-27,6
2027-06-27,2027,3,9,2027-06-01,2027-06-21,2027-06-27,7
2027-06-28,2027,3,9,2027-06-01,2027-06-28,2027-07-04,1
2027-06-29,2027,3,9,2027-06-01,2027-06-28,2027-07-04,2
2027-06-30,2027,3,9,2027-06-01,2027-06-28,2027-07-04,3
2027-07-01,2027,4,10,2027-07-01,2027-06-28,2027-07-04,4
2027-07-02,2027,4,10,2027-07-01,2027-06-28,2027-07-04,5
2027-07-03,2027,4,10,2027-07-01,2027-06-28,2027-07-04,6
2027-07-04,2027,4,10,2027-07-01,2027-06-28,2027-07-04,7
2027-07-05,2027,4,10,2027-07-01,2027-07-05,2027-07-11,1
2027-07-06,2027,4,10,2027-07-01,2027-07-05,2027-07-11,2
2027-07-07,2027,4,10,2027-07-01,2027-07-05,2027-07-11,3
2027-07-08,2027,4,10,2027-07-01,2027-07-05,2027-07-11,4
2027-07-09,2027,4,10,2027-07-01,2027-07-05,2027-07-11,5
2027-07-10,2027,4,10,2027-07-01,2027-07-05,2027-07-11,6
2027-07-11,2027,4,10,2027-07-01,2027-07-05,2027-07-11,7
2027-07-12,2027,4,10,2027-07-01,2027-07-12,2027-07-18,1
2027-07-13,2027,4,10,2027-07-01,2027-07-12,2027-07-18,2
2027-07-14,2027,4,10,2027-07-01,2027-07-12,2027-07-18,3
2027-07-15,2027,4,10,2027-07-01,2027-07-12,2027-07-18,4
2027-07-16,2027,4,10,2027-07-01,2027-07-12,2027-07-18,5
2027-07-17,2027,4,10,2027-07-01,2027-07-12,2027-07-18,6
2027-07-18,2027,4,10,2027-07-01,2027-07-12,2027-07-18,7
2027-07-19,2027,4,10,2027-07-01,2027-07-19,2027-07-25,1
2027-07-20,2027,4,10,2027-07-01,2027-07-19,2027-07-25,2
2027-07-21,2027,4,10,2027-07-01,2027-07-19,2027-07-25,3
2027-07-22,2027,4,10,2027-07-01,2027-07-19,2027-07-25,4
2027-07-23,2027,4,10,2027-07-01,2027-07-19,2027-07-25,5
2027-07-24,2027,4,10,2027-07-01,2027-07-19,2027-07-25,6
2027-07-25,2027,4,10,2027-07-01,2027-07-19,2027-07-25,7
2027-07-26,2027,4,10,2027-07-01,2027-07-26,2027-08-01,1
2027-07-27,2027,4,10,2027-07-01,2027-07-26,2027-08-01,2
2027-07-28,2027,4,10,2027-07-01,2027-07-26,2027-08-01,3
2027-07-29,2027,4,10,2027-07-01,2027-07-26,2027-08-01,4
2027-07-30,2027,4,10,2027-07-01,2027-07-26,2027-08-01,5
2027-07-31,2027,4,10,2027-07-01,2027-07-26,2027-08-01,6
2027-08-01,2027,4,11,2027-08-01,2027-07-26,2027-08-01,7
2027-08-02,2027,4,11,2027-08-01,2027-08-02,2027-08-08,1
2027-08-03,2027,4,11,2027-08-01,2027-08-02,2027-08-08,2
2027-08-04,2027,4,11,2027-08-01,2027-08-02,2027-08-08,3
2027-08-05,2027,4,11,2027-08-01,2027-08-02,2027-08-08,4
2027-08-06,2027,4,11,2027-08-01,2027-08-02,2027-08-08,5
2027-08-07,2027,4,11,2027-08-01,2027-08-02,2027-08-08,6
2027-08-08,2027,4,11,2027-08-01,2027-08-02,2027-08-08,7
2027-08-09,2027,4,11,2027-08-01,2027-08-09,2027-08-15,1
2027-08-10,2027,4,11,2027-08-01,2027-08-09,2027-08-15,2
2027-08-11,2027,4,11,2027-08-01,2027-08-09,2027-08-15,3
2027-08-12,2027,4,11,2027-08-01,2027-08-09,2027-08-15,4
2027-08-13,2027,4,11,2027-08-01,2027-08-09,2027-08-15,5
2027-08-14,2027,4,11,2027-08-01,2027-08-09,2027-08-15,6
2027-08-15,2027,4,11,2027-08-01,2027-08-09,2027-08-15,7
2027-08-16,2027,4,11,2027-08-01,2027-08-16,2027-08-22,1
2027-08-17,2027,4,11,2027-08-01,2027-08-16,2027-08-22,2
2027-08-18,2027,4,11,2027-08-01,2027-08-16,2027-08-22,3
2027-08-19,2027,4,11,2027-08-01,2027-08-16,2027-08-22,4
2027-08-20,2027,4,11,2027-08-01,2027-08-16,2027-08-22,5
2027-08-21,2027,4,11,2027-08-01,2027-08-16,2027-08-22,6
2027-08-22,2027,4,11,2027-08-01,2027-08-16,2027-08-22,7
2027-08-23,2027,4,11,2027-08-01,2027-08-23,2027-08-29,1
2027-08-24,2027,4,11,2027-08-01,2027-08-23,2027-08-29,2
2027-08-25,2027,4,11,2027-08-01,2027-08-23,2027-08-29,3
2027-08-26,2027,4,11,2027-08-01,2027-08-23,2027-08-29,4
2027-08-27,2027,4,11,2027-08-01,2027-08-23,2027-08-29,5
2027-08-28,2027,4,11,2027-08-01,2027-08-23,2027-08-29,6
2027-08-29,2027,4,11,2027-08-01,2027-08-23,2027-08-29,7
2027-08-30,2027,4,11,2027-08-01,2027-08-30,2027-09-05,1
2027-08-31,2027,4,11,2027-08-01,2027-08-30,2027-09-05,2
2027-09-01,2027,4,12,2027-09-01,2027-08-30,2027-09-05,3
2027-09-02,2027,4,12,2027-09-01,2027-08-30,2027-09-05,4
2027-09-03,2027,4,12,2027-09-01,2027-08-30,2027-09-05,5
2027-09-04,2027,4,12,2027-09-01,2027-08-30,2027-09-05,6
2027-09-05,2027,4,12,2027-09-01,2027-08-30,2027-09-05,7
2027-09-06,2027,4,12,2027-09-01,2027-09-06,2027-09-12,1
2027-09-07,2027,4,12,2027-09-01,2027-09-06,2027-09-12,2
2027-09-08,2027,4,12,2027-09-01,2027-09-06,2027-09-12,3
2027-09-09,2027,4,12,2027-09-01,2027-09-06,2027-09-12,4
2027-09-10,2027,4,12,2027-09-01,2027-09-06,2027-09-12,5
2027-09-11,2027,4,12,2027-09-01,2027-09-06,2027-09-12,6
2027-09-12,2027,4,12,2027-09-01,2027-09-06,2027-09-12,7
2027-09-13,2027,4,12,2027-09-01,2027-09-13,2027-09-19,1
2027-09-14,2027,4,12,2027-09-01,2027-09-13,2027-09-19,2
2027-09-15,2027,4,12,2027-09-01,2027-09-13,2027-09-19,3
2027-09-16,2027,4,12,2027-09-01,2027-09-13,2027-09-19,4
2027-09-17,2027,4,12,2027-09-01,2027-09-13,2027-09-19,5
2027-09-18,2027,4,12,2027-09-01,2027-09-13,2027-09-19,6
2027-09-19,2027,4,12,2027-09-01,2027-09-13,2027-09-19,7
2027-09-20,2027,4,12,2027-09-01,2027-09-20,2027-09-26,1
2027-09-21,2027,4,12,2027-09-01,2027-09-20,2027-09-26,2
2027-09-22,2027,4,12,2027-09-01,2027-09-20,2027-09-26,3
2027-09-23,2027,4,12,2027-09-01,2027-09-20,2027-09-26,4
2027-09-24,2027,4,12,2027-09-01,2027-09-20,2027-09-26,5
2027-09-25,2027,4,12,2027-09-01,2027-09-20,2027-09-26,6
2027-09-26,2027,4,12,2027-09-01,2027-09-20,2027-09-26,7
2027-09-27,2027,4,12,2027-09-01,2027-09-27,2027-10-03,1
2027-09-28,2027,4,12,2027-09-01,2027-09-27,2027-10-03,2
2027-09-29,2027,4,12,2027-09-01,2027-09-27,2027-10-03,3
2027-09-30,2027,4,12,2027-09-01,2027-09-27,2027-10-03,4
