sr_type,sr_short_code,in_sla_scope,scope_note,urgency_label,urgency_score,llm_reasoning,prompt_version,classified_at
311 INFORMATION ONLY CALL,311IOC,false,"closed at intake (FY2026 p90 0.0 h); information call, no service",,,,v1,2026-10-07T00:46:37Z
Abandoned Vehicle Complaint,SKA,true,,High,0.85,"Abandoned vehicles block traffic flow and parking, creating safety hazards and traffic congestion that can escalate within 24 hours if not removed.",v1,2026-10-07T00:46:37Z
Aircraft Noise Complaint,AVN,false,closed at intake (FY2026 p90 0.0 h); routed to the airport noise program,,,,v1,2026-10-07T00:46:39Z
Alley Light Out Complaint,SFA,true,,Low,0.75,"An alley light outage is a cosmetic or low-impact maintenance issue with no immediate safety risk, as alleys are typically low-traffic areas with minimal pedestrian activity.",v1,2026-10-07T00:46:39Z
Alley Pothole Complaint,PHB,true,,Low,0.75,A pothole in an alley poses minimal safety risk compared to arterial roads and does not threaten critical infrastructure or property damage within 24 hours.,v1,2026-10-07T00:46:40Z
Alley Sewer Inspection Request,AAI,true,,Low,0.75,A routine sewer inspection request with no reported malfunction or backup poses minimal immediate risk and is standard preventive maintenance.,v1,2026-10-07T00:46:41Z
Animal In Trap Complaint,EBD,true,,Medium,0.72,"An animal trapped in a confined space poses welfare concerns and potential property damage, but does not present immediate life-safety risk to humans unless the animal is dangerous or the trap location creates a hazard.",v1,2026-10-07T00:46:42Z
Bee/Wasp Removal,SGG,true,,Medium,0.72,"Bee/wasp nests pose a meaningful quality-of-life and localized safety concern for residents or workers in the affected area, but do not present imminent life-threatening risk unless the requester reports active stinging incidents or severe allergies.",v1,2026-10-07T00:46:44Z
Bicycle Request/Complaint,PCL,true,,Low,0.65,Bicycle requests/complaints are typically cosmetic or informational maintenance items with no immediate safety or property damage risk.,v1,2026-10-07T00:46:45Z
Blue Recycling Cart,SRRC,true,,Low,0.85,"Blue recycling cart request is a routine maintenance or replacement item with no safety, property damage, or infrastructure risk.",v1,2026-10-07T00:46:47Z
Building Violation,BBA,true,,Medium,0.55,"Building violations span a wide range of severity from cosmetic code issues to structural hazards; without specific details (e.g., electrical hazard, structural failure, habitability concern), a category-level classification defaults to medium as most violations degrade property conditions but lack immediate life-safety indicators.",v1,2026-10-07T00:46:48Z
Buildings - Plumbing Violation,BBC,true,,Medium,0.72,"Plumbing violations typically pose quality-of-life and property concerns but lack the imminent safety risk of active leaks or backups; however, context-dependent factors like sewage exposure or water damage potential could elevate severity.",v1,2026-10-07T00:46:50Z
Bungalow/Vintage Home Information Request,BUNGALOW,true,,Low,0.95,"This is an informational request about bungalow/vintage home characteristics with no specific address or actionable service need, posing no safety, property, or infrastructure risk.",v1,2026-10-07T00:46:51Z
Business Complaints,RBL,true,,Low,0.55,"Generic business complaint category without specific details, address, or nature of complaint cannot be assessed for safety or infrastructure risk.",v1,2026-10-07T00:46:53Z
Cab Feedback,CSC,true,,Low,0.85,"Cab feedback is a general informational or complaint category with no immediate safety, property, or infrastructure risk.",v1,2026-10-07T00:46:54Z
Cable TV Complaint,OCC,true,,Low,0.85,"Cable TV service disruption is a non-essential utility complaint with no safety, health, or infrastructure risk.",v1,2026-10-07T00:46:55Z
Check for Leak,WM3,true,,High,0.72,"A water leak (WM3 code suggests water management) can cause property damage and mold growth within 24 hours if not promptly located and repaired, though severity depends on leak location and volume.",v1,2026-10-07T00:46:56Z
City Vehicle Sticker Violation,QAC,true,,Low,0.85,"City vehicle sticker violations are administrative/compliance matters with no safety, property damage, or infrastructure risk.",v1,2026-10-07T00:46:58Z
Clean Vacant Lot Request,SCT,true,,Low,0.75,"Vacant lot cleaning is a cosmetic/maintenance item with no immediate safety risk, property damage threat, or critical infrastructure impact.",v1,2026-10-07T00:46:59Z
Clean and Green Program Request,NAA,true,,Low,0.85,Clean and Green Program requests are typically cosmetic or low-impact environmental maintenance initiatives with no immediate safety or property damage risk.,v1,2026-10-07T00:47:00Z
Commercial Fire Safety Inspection Request,FAC,true,,Medium,0.72,"Routine fire safety inspection is a preventive compliance requirement with no indication of an active hazard, but delayed inspections could allow code violations to persist and increase fire risk over time.",v1,2026-10-07T00:47:01Z
Consumer Fraud Complaint,CSF,true,,Low,0.75,"Consumer fraud complaints are investigative matters without immediate physical safety or infrastructure risk, appropriate for standard administrative processing rather than expedited response.",v1,2026-10-07T00:47:02Z
Consumer Retail Business Complaint,CST,true,,Low,0.65,"Generic consumer retail complaint with no specific address or safety concern poses minimal immediate risk to public health, safety, or infrastructure.",v1,2026-10-07T00:47:04Z
Coyote Interaction Complaint,CIAC,true,,Medium,0.72,"Coyote interactions pose a potential safety risk to residents and pets but typically do not constitute an imminent threat requiring emergency response, warranting a quality-of-life tier with same-day or next-day follow-up.",v1,2026-10-07T00:47:05Z
Dead Animal Pick-Up Request,SGQ,true,,Medium,0.75,"Dead animal removal poses a public health and sanitation concern through potential disease vectors and odor nuisance, but does not create imminent safety risk if addressed within 24–48 hours.",v1,2026-10-07T00:47:06Z
Dead Bird,SGV,true,,Low,0.85,Dead bird removal is a cosmetic/sanitation maintenance task with no immediate safety risk to people or property.,v1,2026-10-07T00:47:08Z
Divvy Bike Parking Complaint,DBPC,true,,Low,0.85,Divvy bike parking complaints are cosmetic or operational issues with bike-share infrastructure that do not pose immediate safety or property damage risks.,v1,2026-10-07T00:47:09Z
E-Scooter Parking Complaint,ESPC,true,,Low,0.85,E-scooter parking complaints are cosmetic or organizational issues that do not pose immediate safety or property damage risks and can be addressed through routine enforcement or education.,v1,2026-10-07T00:47:10Z
Finance Parking Code Enforcement Review,FPCE,false,closed at intake (FY2026 p90 0.0 h); administrative review record,,,,v1,2026-10-07T00:47:12Z
Fly Dumping Complaint,SDR,true,,Medium,0.72,"Illegal dumping degrades neighborhood quality and may pose environmental/health risks, but without specifics on hazardous materials or location, it does not pose imminent safety threat requiring emergency response.",v1,2026-10-07T00:47:12Z
Garbage Cart Maintenance,SIE,true,,Low,0.85,"Garbage cart maintenance is routine equipment upkeep with no immediate safety, health, or property damage risk.",v1,2026-10-07T00:47:13Z
Graffiti Removal Request,GRAF,true,,Low,0.85,Graffiti is a cosmetic quality-of-life issue with no immediate safety risk or threat to property integrity or critical infrastructure.,v1,2026-10-07T00:47:14Z
Home Buyer Program Info Request,HOP,true,,Low,0.95,"This is an informational request about a home buyer assistance program with no safety, property, or infrastructure risk.",v1,2026-10-07T00:47:15Z
Ice and Snow Removal Request,SDO,true,,Medium,0.72,Ice and snow removal is a quality-of-life maintenance issue that degrades neighborhood accessibility and walkability but does not pose imminent safety risk unless conditions are severe or on a critical arterial route.,v1,2026-10-07T00:47:16Z
Inaccurate Fuel Pump Complaint,FPC,true,,Low,0.75,"An inaccurate fuel pump complaint is a consumer/commercial dispute over measurement accuracy with no immediate safety or infrastructure risk, appropriate for standard administrative review.",v1,2026-10-07T00:47:18Z
Inaccurate Retail Scales Complaint,INR,true,,Low,0.85,"Inaccurate retail scales pose a consumer protection concern but no immediate safety risk or property damage, making this a low-priority administrative/regulatory matter.",v1,2026-10-07T00:47:19Z
Inspect Public Way Request,PBD,true,,Low,0.65,A generic public way inspection request with no specific address or hazard identified is a routine maintenance inquiry with no immediate safety or property risk.,v1,2026-10-07T00:47:20Z
Lead Inspection Request,HDF,true,,Medium,0.72,"Lead exposure poses a documented health risk, particularly to children and pregnant individuals, but an inspection request itself is a preventive/diagnostic step rather than an active hazard requiring immediate intervention.",v1,2026-10-07T00:47:22Z
Low Water Pressure Complaint,WBK,true,,Medium,0.72,"Low water pressure degrades essential household function and may indicate a broader water system issue, but poses no immediate safety risk unless accompanied by contamination or complete outage.",v1,2026-10-07T00:47:23Z
Missed Garbage Pick-Up Complaint,SCC,true,,Medium,0.85,"Missed garbage pickup degrades neighborhood quality of life and can attract pests if prolonged, but poses no immediate safety risk if addressed within 24–48 hours.",v1,2026-10-07T00:47:24Z
No Air Conditioning,NAC,true,,Medium,0.72,"Lack of air conditioning creates a quality-of-life degradation and potential heat-related health risk depending on weather and occupant vulnerability, but without specific address context or extreme conditions, it does not pose imminent safety threat.",v1,2026-10-07T00:47:25Z
No Building Permit and Construction Violation,BBD,true,,Medium,0.72,"Unpermitted construction poses potential structural safety and code compliance risks that require inspection and enforcement, but without specific details on scope or location, the immediate threat level is moderate rather than imminent.",v1,2026-10-07T00:47:27Z
No Solicitation Complaint,NOSOLCPP,true,,Low,0.85,"No solicitation complaints are informational/regulatory enforcement matters with no immediate safety, property damage, or infrastructure risk.",v1,2026-10-07T00:47:28Z
No Water Complaint,WBJ,true,,Critical,0.95,"Loss of water service is an imminent threat to public health, sanitation, and basic human needs, requiring urgent restoration within hours.",v1,2026-10-07T00:47:30Z
Nuisance Animal Complaint,EAB,true,,Medium,0.72,"Nuisance animal complaints typically degrade neighborhood quality of life and may pose minor safety risks, but lack the immediate danger profile of critical or high-urgency issues unless the animal is aggressive or poses direct threat to residents.",v1,2026-10-07T00:47:31Z
Open Fire Hydrant Complaint,WBT,true,,High,0.85,"An open fire hydrant wastes potable water, creates hazardous street flooding, and reduces water pressure available for firefighting emergencies.",v1,2026-10-07T00:47:32Z
Outdated Merchandise Complaint,ODM,true,,Low,0.85,"Outdated merchandise complaints are cosmetic or informational issues with no safety, health, or infrastructure risk and do not require urgent intervention.",v1,2026-10-07T00:47:33Z
Paid Sick Leave Violation,PSL,true,,Low,0.75,"Paid sick leave violations are employment law compliance issues that require administrative investigation and remediation but pose no immediate safety, property, or infrastructure risk.",v1,2026-10-07T00:47:35Z
Pavement Cave-In Inspection Request,PBE,true,,Critical,0.92,"Pavement cave-in poses imminent risk of serious injury or death to pedestrians and vehicles, and indicates potential subsurface infrastructure failure requiring urgent inspection.",v1,2026-10-07T00:47:36Z
Pet Wellness Check Request,PET,true,,Low,0.75,"A routine pet wellness check is a non-emergency informational or preventive service with no immediate safety risk to people, property, or infrastructure.",v1,2026-10-07T00:47:37Z
Porch Inspection Request,BPI,true,,Low,0.85,Porch inspection is a routine building permit or code compliance check with no immediate safety risk or property damage threat.,v1,2026-10-07T00:47:38Z
Pothole in Street Complaint,PHF,true,,Medium,0.75,"Pothole severity depends on location and size, but without specific address context, a typical street pothole poses a quality-of-life degradation risk (vehicle damage, trip hazard) rather than imminent safety threat.",v1,2026-10-07T00:47:39Z
Protected Bike Lane - Debris Removal,PBLDR,true,,Medium,0.72,"Debris in a protected bike lane creates a meaningful safety hazard for cyclists and degrades active transportation infrastructure, but does not pose imminent risk to life or critical systems.",v1,2026-10-07T00:47:41Z
Public Vehicle Complaint,CSP,true,,Medium,0.65,Public vehicle complaints typically involve quality-of-life issues like abandoned vehicles or parking violations that degrade neighborhood conditions but lack immediate safety risk without additional context.,v1,2026-10-07T00:47:42Z
Pushcart Food Vendor Complaint,CORNVEND,true,,Low,0.65,Pushcart vendor complaints are typically regulatory or permitting issues with no immediate safety or property risk unless the complaint specifies health code violations or obstruction of critical infrastructure.,v1,2026-10-07T00:47:43Z
Recycling Inspection Request,SCX,true,,Low,0.85,"Recycling inspection is a routine administrative or compliance check with no immediate safety, property damage, or infrastructure risk.",v1,2026-10-07T00:47:44Z
Recycling Pick Up,SRRP,true,,Low,0.85,"Recycling pickup is a routine sanitation service with no safety, health, or infrastructure risk if delayed by days or weeks.",v1,2026-10-07T00:47:45Z
Renters and Foreclosure Complaint,RFC,true,,Low,0.75,"Renters and foreclosure complaints are administrative/legal matters requiring investigation and coordination with housing authorities, not immediate safety or infrastructure risks.",v1,2026-10-07T00:47:47Z
Report an Injured Animal,EAQ,true,,High,0.75,An injured animal poses potential safety risk to the public and requires prompt animal control intervention to prevent suffering or unpredictable behavior.,v1,2026-10-07T00:47:48Z
Restaurant Complaint,HFB,true,,Medium,0.55,"Restaurant complaints span a wide range from minor service issues to serious health/safety violations; without specific details (e.g., foodborne illness outbreak, pest infestation, or minor cleanliness concern), a category-level classification defaults to medium as a conservative middle ground.",v1,2026-10-07T00:47:49Z
Ridesharing Complaint,TNP,true,,Low,0.75,"Ridesharing complaints are typically regulatory or service-quality issues with no immediate safety or property risk, making them low-priority civic matters suitable for standard administrative processing.",v1,2026-10-07T00:47:50Z
Rodent Baiting/Rat Complaint,SGA,true,,High,0.85,"Rodent infestation poses significant health and safety risks including disease transmission, contamination of food/water, and potential structural damage if left unaddressed within 24 hours.",v1,2026-10-07T00:47:52Z
Sanitation Code Violation,SCB,true,,Medium,0.65,Sanitation code violations typically degrade neighborhood conditions and pose health risks but do not pose imminent danger unless they involve active pest infestation or contamination of food/water sources.,v1,2026-10-07T00:47:53Z
Sewer Cave-In Inspection Request,AAD,true,,Critical,0.95,"Sewer cave-in poses imminent risk of ground collapse, property damage, sewage backup into homes, and potential injury to pedestrians or vehicles.",v1,2026-10-07T00:47:54Z
Sewer Cleaning Inspection Request,CHECKFOR,true,,Low,0.75,A routine sewer cleaning inspection request with no specific address or reported problem is a preventive maintenance item with no immediate safety or property risk.,v1,2026-10-07T00:47:55Z
Shared Cost Sidewalk Program Request,SCSP,true,,Low,0.85,"Shared Cost Sidewalk Program requests are administrative/maintenance inquiries with no immediate safety or property damage risk, representing routine civic infrastructure planning.",v1,2026-10-07T00:47:57Z
Shared Housing/Vacation Rental Complaint,SHVR,true,,Low,0.65,"Shared housing/vacation rental complaints are typically regulatory or quality-of-life issues (noise, parking, occupancy violations) that do not pose immediate safety or infrastructure risks.",v1,2026-10-07T00:47:58Z
Sidewalk Café/Outdoor Dining Complaint,CAFE,true,,Low,0.65,"Sidewalk café complaints typically involve minor quality-of-life issues like noise, seating obstruction, or cleanliness with no immediate safety or property damage risk.",v1,2026-10-07T00:47:59Z
Sidewalk Inspection Request,PBS,true,,Low,0.75,A general sidewalk inspection request with no specific address or identified defect is a routine maintenance inquiry with no immediate safety or property risk.,v1,2026-10-07T00:48:00Z
Sign Repair Request - All Other Signs,PCE,true,,Low,0.85,Generic sign repair with no specific address or hazard context indicates routine maintenance with minimal safety or property impact.,v1,2026-10-07T00:48:02Z
Sign Repair Request - Do Not Enter Sign,PCD,true,,Medium,0.72,"A damaged or missing ""Do Not Enter"" sign creates potential for vehicle misdirection and minor traffic conflicts, but poses no immediate safety risk if drivers remain attentive.",v1,2026-10-07T00:48:03Z
Sign Repair Request - One Way Sign,PCC,true,,Low,0.85,A one-way sign repair is a cosmetic or informational maintenance item with no immediate safety or property damage risk.,v1,2026-10-07T00:48:04Z
Sign Repair Request - Stop Sign,PCB,true,,Medium,0.72,"A damaged or missing stop sign creates a traffic safety hazard that could lead to collisions or injuries, but without specifics on the sign's condition or location, it does not pose imminent risk warranting Critical or High tier.",v1,2026-10-07T00:48:05Z
Smokeless Tobacco at Sports Event Complaint,HFF,true,,Low,0.85,"Smokeless tobacco use at a sports event is a regulatory/policy compliance issue with no immediate safety risk, property damage, or infrastructure threat.",v1,2026-10-07T00:48:07Z
Snow - Object/Dibs Removal Request,SDW,true,,Low,0.75,Removal of snow dibs (parking space markers) is a cosmetic/administrative cleanup task with no safety or property damage risk.,v1,2026-10-07T00:48:08Z
Snow Removal - Protected Bike Lane or Bridge Sidewalk,SNPBLBS,true,,High,0.78,"Snow accumulation on bike lanes and bridge sidewalks creates slip/fall hazards and blocks safe passage for pedestrians and cyclists, risking injury within 24 hours if not cleared.",v1,2026-10-07T00:48:09Z
Snow – Uncleared Sidewalk Complaint,SWSNOREM,true,,Medium,0.75,"Uncleared sidewalks create meaningful pedestrian safety and mobility hazards (slips, falls, accessibility barriers) but do not pose imminent life-threatening risk if addressed within standard winter maintenance windows.",v1,2026-10-07T00:48:10Z
Stray Animal Complaint,EAE,true,,Medium,0.72,"Stray animals pose a potential public health and safety concern (disease transmission, aggressive behavior) but typically do not create imminent life-threatening risk unless the animal is known to be dangerous or in a confined space with vulnerable populations.",v1,2026-10-07T00:48:12Z
Street Cleaning Request,SDP,true,,Low,0.85,"Street cleaning is a routine maintenance and cosmetic service with no safety, health, or property damage risk.",v1,2026-10-07T00:48:13Z
Street Light On During Day Complaint,SFN,true,,Low,0.85,"A streetlight remaining on during daylight hours is a cosmetic/operational inefficiency with no safety or property impact, representing routine maintenance.",v1,2026-10-07T00:48:14Z
Street Light Out Complaint,SFD,true,,Medium,0.65,Streetlight outage degrades neighborhood safety and visibility but requires location context (busy intersection vs. residential side street) to determine if it poses imminent risk of injury or crime.,v1,2026-10-07T00:48:15Z
Street Light Pole Damage Complaint,SFK,true,,Medium,0.72,"Damaged street light pole poses a potential safety hazard and may eventually fail, but without specifics on severity, location type, or whether the light is still functional, the risk is not immediately imminent.",v1,2026-10-07T00:48:17Z
Street Light Pole Door Missing Complaint,SFQ,true,,Medium,0.72,"A missing street light pole door creates a potential tripping hazard and exposes internal electrical components, degrading neighborhood safety and aesthetics without immediate life-threatening risk.",v1,2026-10-07T00:48:18Z
Submerged Divvy or Lime Device in the Lake/River,DBES,true,,High,0.78,"A submerged bike or scooter device poses environmental contamination risk (battery/fluid leakage into waterway) and creates a hazard for swimmers, boaters, or water users who may encounter it.",v1,2026-10-07T00:48:20Z
Tobacco - General Complaint,BAG,true,,Low,0.75,General tobacco complaints lack immediate safety risk and typically involve regulatory or compliance matters that can be addressed through standard inspection and enforcement procedures.,v1,2026-10-07T00:48:21Z
Tobacco - Sale to Minors Complaint,BAM,true,,Medium,0.72,"Illegal tobacco sales to minors pose a public health risk and violate regulatory law, warranting investigation within a reasonable timeframe, but do not create imminent physical danger or infrastructure failure.",v1,2026-10-07T00:48:22Z
Traffic Signal Out Complaint,SFB,true,,High,0.75,"A non-functional traffic signal creates collision risk and traffic congestion, but without confirmation of location (busy vs. quiet intersection) or whether it's completely dark or partially functional, it falls into High rather than Critical.",v1,2026-10-07T00:48:24Z
Tree Debris Clean-Up Request,SEL,true,,Low,0.85,Tree debris cleanup is a routine maintenance task with no immediate safety risk or property damage threat unless debris is blocking a critical pathway or roadway.,v1,2026-10-07T00:48:25Z
Tree Emergency,SEC,true,,High,0.75,"Tree emergencies typically involve imminent risk of falling branches or trees that could strike people, vehicles, or structures, requiring prompt response to prevent injury or property damage.",v1,2026-10-07T00:48:26Z
Tree Planting Request,SED,true,,Low,0.95,"Tree planting is a cosmetic environmental improvement with no immediate safety, property damage, or infrastructure risk.",v1,2026-10-07T00:48:28Z
Tree Removal Inspection,SEE,true,,Low,0.85,Tree removal inspection is a routine maintenance request with no immediate safety or property damage risk unless the tree is actively hazardous or blocking critical infrastructure.,v1,2026-10-07T00:48:29Z
Tree Trim Request (NO LONGER BEING ACCEPTED),SEF,false,closed at intake (FY2026 p90 0.003 h); request type retired,,,,v1,2026-10-07T00:48:30Z
Vacant/Abandoned Building Complaint,BBK,true,,Medium,0.72,"Vacant/abandoned buildings typically pose neighborhood blight and potential safety hazards (trespassing, structural collapse, fire risk) but lack the imminent life-safety threat of active infrastructure failures or acute hazards.",v1,2026-10-07T00:48:30Z
Viaduct Light Out Complaint,SFC,true,,High,0.85,"Lighting outage on a viaduct (elevated roadway) creates significant nighttime safety hazards for drivers and pedestrians, risking collisions and accidents within 24 hours if unrepaired.",v1,2026-10-07T00:48:31Z
Vicious Animal Complaint,EAF,true,,Critical,0.85,A vicious animal poses imminent risk of serious injury or death to people and requires immediate intervention to prevent harm.,v1,2026-10-07T00:48:33Z
Wage Complaint,MWC,true,,Low,0.85,"Wage complaints are employment/labor disputes that do not pose immediate safety, property, or infrastructure risks and are typically handled through administrative or legal channels rather than urgent municipal response.",v1,2026-10-07T00:48:34Z
Water Lead Test Kit Request,WCA2,true,,Low,0.85,"A lead test kit request is an informational/preventive service with no immediate safety risk, as it enables residents to voluntarily test their water but does not address an active contamination emergency.",v1,2026-10-07T00:48:35Z
Water Lead Test Visit Request,WCA3,true,,Medium,0.72,"Lead contamination in drinking water poses a documented health risk, particularly to children and pregnant women, but a testing visit is a diagnostic step rather than an emergency response to an active exposure.",v1,2026-10-07T00:48:36Z
Water On Street Complaint,AAE,true,,High,0.75,"Water pooling on a street typically indicates a water main break or significant drainage failure that can cause traffic hazards, property damage, and infrastructure deterioration if not addressed within hours.",v1,2026-10-07T00:48:38Z
Water Quality Concern,WCA,true,,High,0.72,"Water quality concerns pose a direct health risk to residents who consume or use the water, requiring prompt investigation and remediation to prevent illness or contamination spread.",v1,2026-10-07T00:48:39Z
Water in Basement Complaint,AAF,true,,High,0.85,"Water intrusion into a basement poses risk of structural damage, mold growth, and electrical hazards if not addressed within 24 hours.",v1,2026-10-07T00:48:40Z
Weed Removal Request,SCP,true,,Low,0.85,"Weed removal is a cosmetic maintenance issue with no immediate safety, health, or property damage risk.",v1,2026-10-07T00:48:42Z
Wire Basket Request,SCS,true,,Low,0.85,Wire basket requests are typically low-impact maintenance or supply items with no safety or infrastructure risk.,v1,2026-10-07T00:48:43Z
Yard Waste Pick-Up Request,SCQ,true,,Low,0.92,"Yard waste pickup is a routine maintenance service with no safety, health, or property damage risk if delayed by days or weeks.",v1,2026-10-07T00:48:44Z
